topic,keywords,label,title,summary
0,"['range', 'mountain', 'back', 'valley', 'mountains', 'climatar', 'background', 'large', 'behind', 'beatiful']","Tópico sobre: range, mountain, back",Tema sobre Range,"Tópico basado en las palabras clave más frecuentes: range, mountain, back, valley, mountains"
1,"['waterfall', 'waterfalls', 'falling', 'falls', 'immense', 'cascading', 'stunning', 'niagara', 'huge', 'flowing']","Tópico sobre: waterfall, waterfalls, falling",Tema sobre Waterfall,"Tópico basado en las palabras clave más frecuentes: waterfall, waterfalls, falling, falls, immense"
2,"['valley', 'rocky', 'mountains', 'range', 'spectacular', 'mountain', 'lakes', 'lakesidir', 'contrasts', 'columbia']","Tópico sobre: valley, rocky, mountains",Tema sobre Valley,"Tópico basado en las palabras clave más frecuentes: valley, rocky, mountains, range, spectacular"
3,"['pad', 'canoe', 'calm', 'person', 'paddling', 'kayak', 'canoes', 'lake', 'paddle', 'lakes']","Tópico sobre: pad, canoe, calm",Tema sobre Pad,"Tópico basado en las palabras clave más frecuentes: pad, canoe, calm, person, paddling"
4,"['mountains', 'mountain', 'back', 'beatiful', 'background', 'range', 'large', 'lake', 'mountainscape', 'rocky']","Tópico sobre: mountains, mountain, back",Tema sobre Mountains,"Tópico basado en las palabras clave más frecuentes: mountains, mountain, back, beatiful, background"
5,"['bc', 'flag', 'maple', 'canadiar', 'canadian', 'flying', 'vancouver', 'africar', 'border', 'leaves']","Tópico sobre: bc, flag, maple",Tema sobre Bc,"Tópico basado en las palabras clave más frecuentes: bc, flag, maple, canadiar, canadian"
6,"['snowy', 'icy', 'snow', 'winter', 'ice', 'landscape', 'glaciers', 'frozen', 'setting', 'izar']","Tópico sobre: snowy, icy, snow",Tema sobre Snowy,"Tópico basado en las palabras clave más frecuentes: snowy, icy, snow, winter, ice"
7,"['beach', 'sand', 'sunset', 'which', 'show', 'at', 'umbrella', 'desert', 'dune', 'dn']","Tópico sobre: beach, sand, sunset",Tema sobre Beach,"Tópico basado en las palabras clave más frecuentes: beach, sand, sunset, which, show"
8,"['castle', 'gothic', 'medieval', 'citadel', 'castlir', 'chateau', 'university', 'epic', 'spir', 'frontenac']","Tópico sobre: castle, gothic, medieval",Tema sobre Castle,"Tópico basado en las palabras clave más frecuentes: castle, gothic, medieval, citadel, castlir"
9,"['person', 'standing', 'rock', 'overlooking', 'movie', 'rocky', 'behind', 'mountains', 'cliff', 'badlands']","Tópico sobre: person, standing, rock",Tema sobre Person,"Tópico basado en las palabras clave más frecuentes: person, standing, rock, overlooking, movie"
10,"['bridge', 'bridges', 'crossing', 'suspended', 'gap', 'metallic', 'lots', 'hanging', 'curved', 'rope']","Tópico sobre: bridge, bridges, crossing",Tema sobre Bridge,"Tópico basado en las palabras clave más frecuentes: bridge, bridges, crossing, suspended, gap"
11,"['street', 'walking', 'peoplir', 'down', 'bustling', 'cobblestonir', 'people', 'streets', 'merchant', 'old']","Tópico sobre: street, walking, peoplir",Tema sobre Street,"Tópico basado en las palabras clave más frecuentes: street, walking, peoplir, down, bustling"
12,"['bay', 'only', 'skyline', 'black', 'woman', 'city', 'toronto', 'showing', 'harbour', 'skydome']","Tópico sobre: bay, only, skyline",Tema sobre Bay,"Tópico basado en las palabras clave más frecuentes: bay, only, skyline, black, woman"
13,"['evergreen', 'mountainous', 'lakesidir', 'lake', 'lakes', 'mountain', 'forest', 'mountains', 'columbia', 'rivers']","Tópico sobre: evergreen, mountainous, lakesidir",Tema sobre Evergreen,"Tópico basado en las palabras clave más frecuentes: evergreen, mountainous, lakesidir, lake, lakes"
14,"['night', 'only', 'black', 'city', 'woman', 'at', 'magical', 'wonderland', 'twilight', 'entertainment']","Tópico sobre: night, only, black",Tema sobre Night,"Tópico basado en las palabras clave más frecuentes: night, only, black, city, woman"
15,"['tourism', 'cottagecore', 'still', 'woman', 'movie', 'dress', 'canadian', 'geography', 'country', 'sitting']","Tópico sobre: tourism, cottagecore, still",Tema sobre Tourism,"Tópico basado en las palabras clave más frecuentes: tourism, cottagecore, still, woman, movie"
16,"['border', 'sign', 'borders', 'ontario', 'signs', 'intricate', 'stylized', 'blunt', 'capitalism', 'political']","Tópico sobre: border, sign, borders",Tema sobre Border,"Tópico basado en las palabras clave más frecuentes: border, sign, borders, ontario, signs"
17,"['mountains', 'rocky', 'spectacular', 'lakes', 'lakesidir', 'mountain', 'columbia', 'british', 'between', 'mountainous']","Tópico sobre: mountains, rocky, spectacular",Tema sobre Mountains,"Tópico basado en las palabras clave más frecuentes: mountains, rocky, spectacular, lakes, lakesidir"
18,"['auroro', 'aurora', 'borealis', 'boreali', 'lights', 'northern', 'sky', 'northen', 'raid', 'dramatic']","Tópico sobre: auroro, aurora, borealis",Tema sobre Auroro,"Tópico basado en las palabras clave más frecuentes: auroro, aurora, borealis, boreali, lights"
19,"['lights', 'night', 'vibrant', 'only', 'skydome', 'toronto', 'city', 'backround', 'colorful', 'colourful']","Tópico sobre: lights, night, vibrant",Tema sobre Lights,"Tópico basado en las palabras clave más frecuentes: lights, night, vibrant, only, skydome"
20,"['day', 'sunny', 'lakes', 'lake', 'reflecting', 'surrounded', 'and', 'photo', 'columbia', 'british']","Tópico sobre: day, sunny, lakes",Tema sobre Day,"Tópico basado en las palabras clave más frecuentes: day, sunny, lakes, lake, reflecting"
21,"['road', 'mountains', 'behind', 'back', 'rocky', 'large', 'driving', 'mountain', 'through', 'dramatic']","Tópico sobre: road, mountains, behind",Tema sobre Road,"Tópico basado en las palabras clave más frecuentes: road, mountains, behind, back, rocky"
22,"['mountain', 'mountains', 'range', 'large', 'rocky', 'back', 'mountainscape', 'lakesidir', 'setting', 'beatiful']","Tópico sobre: mountain, mountains, range",Tema sobre Mountain,"Tópico basado en las palabras clave más frecuentes: mountain, mountains, range, large, rocky"
23,"['ski', 'skiing', 'snow', 'psychedelic', 'resort', 'snowy', 'snowboard', 'skied', 'stunning', 'chairlifts']","Tópico sobre: ski, skiing, snow",Tema sobre Ski,"Tópico basado en las palabras clave más frecuentes: ski, skiing, snow, psychedelic, resort"
24,"['autumn', 'fall', 'season', 'foliage', 'leaves', 'colors', 'falling', 'autum', 'vibrancy', 'trees']","Tópico sobre: autumn, fall, season",Tema sobre Autumn,"Tópico basado en las palabras clave más frecuentes: autumn, fall, season, foliage, leaves"
25,"['victorian', 'quebec', 'citadel', 'frontenac', 'chateau', 'entire', 'montreal', 'magical', 'old', 'studar']","Tópico sobre: victorian, quebec, citadel",Tema sobre Victorian,"Tópico basado en las palabras clave más frecuentes: victorian, quebec, citadel, frontenac, chateau"
26,"['port', 'fishing', 'town', 'village', 'hos', 'small', 'harbour', 'pier', 'harbor', 'waterfront']","Tópico sobre: port, fishing, town",Tema sobre Port,"Tópico basado en las palabras clave más frecuentes: port, fishing, town, village, hos"
27,"['museum', 'room', 'art', 'bedroom', 'interior', 'building', 'bed', 'architecture', 'gallery', 'ceiling']","Tópico sobre: museum, room, art",Tema sobre Museum,"Tópico basado en las palabras clave más frecuentes: museum, room, art, bedroom, interior"
28,"['harbor', 'harbour', 'docks', 'vancouver', 'waterfront', 'coast', 'beach', 'long', 'school', 'mediterranean']","Tópico sobre: harbor, harbour, docks",Tema sobre Harbor,"Tópico basado en las palabras clave más frecuentes: harbor, harbour, docks, vancouver, waterfront"
29,"['parade', 'soldiers', 'pride', 'paradir', 'flag', 'lgbt', 'group', 'military', 'hands', 'gay']","Tópico sobre: parade, soldiers, pride",Tema sobre Parade,"Tópico basado en las palabras clave más frecuentes: parade, soldiers, pride, paradir, flag"
30,"['model', 'york', 'rendering', 'new', 'buildings', 'billboards', 'skyline', 'billboard', 'toronto', 'scape']","Tópico sobre: model, york, rendering",Tema sobre Model,"Tópico basado en las palabras clave más frecuentes: model, york, rendering, new, buildings"
31,"['parliament', 'text', 'overlaying', 'voque', 'toronto', 'ottawa', 'words', 'inspired', 'essoldo', 'would']","Tópico sobre: parliament, text, overlaying",Tema sobre Parliament,"Tópico basado en las palabras clave más frecuentes: parliament, text, overlaying, voque, toronto"
32,"['aerial', 'shot', 'view', 'eye', 'paulo', 'helicopter', 'birds', 'very', 'vancouver', 'sao']","Tópico sobre: aerial, shot, view",Tema sobre Aerial,"Tópico basado en las palabras clave más frecuentes: aerial, shot, view, eye, paulo"
33,"['buffalo', 'wildlife', 'hunting', 'bison', 'wild', 'animals', 'ox', 'horns', 'chase', 'horn']","Tópico sobre: buffalo, wildlife, hunting",Tema sobre Buffalo,"Tópico basado en las palabras clave más frecuentes: buffalo, wildlife, hunting, bison, wild"
34,"['seattle', 'cityscape', 'wasted', 'completely', 'florida', 'downtown', 'oregon', 'portland', 'away', 'northwest']","Tópico sobre: seattle, cityscape, wasted",Tema sobre Seattle,"Tópico basado en las palabras clave más frecuentes: seattle, cityscape, wasted, completely, florida"
35,"['raymond', 'normand', 'giroust', 'deschamps', 'eric', 'quebec', 'by', 'desjardins', 'martin', 'tanguay']","Tópico sobre: raymond, normand, giroust",Tema sobre Raymond,"Tópico basado en las palabras clave más frecuentes: raymond, normand, giroust, deschamps, eric"
36,"['clear', 'turquoisir', 'puddl', 'crystal', 'blue', 'teal', 'water', 'surrounded', 'green', 'lakesidir']","Tópico sobre: clear, turquoisir, puddl",Tema sobre Clear,"Tópico basado en las palabras clave más frecuentes: clear, turquoisir, puddl, crystal, blue"
37,"['lake', 'day', 'sunny', 'between', 'beatiful', 'lakes', 'mountains', 'photo', 'surrounded', 'background']","Tópico sobre: lake, day, sunny",Tema sobre Lake,"Tópico basado en las palabras clave más frecuentes: lake, day, sunny, between, beatiful"
38,"['inspired', 'furlong', 'thomas', 'by', 'regionalism', 'gordon', 'lightfoot', 'maxwell', 'geography', 'fli']","Tópico sobre: inspired, furlong, thomas",Tema sobre Inspired,"Tópico basado en las palabras clave más frecuentes: inspired, furlong, thomas, by, regionalism"
39,"['lighthouse', 'light', 'point', 'ocear', 'coast', 'barra', 'farol', 'maritime', 'bold', 'horizon']","Tópico sobre: lighthouse, light, point",Tema sobre Lighthouse,"Tópico basado en las palabras clave más frecuentes: lighthouse, light, point, ocear, coast"
40,"['flag', 'moutains', 'maple', 'abovar', 'country', 'flying', 'syrup', 'loving', 'athmosphere', 'boards']","Tópico sobre: flag, moutains, maple",Tema sobre Flag,"Tópico basado en las palabras clave más frecuentes: flag, moutains, maple, abovar, country"
41,"['towering', 'night', 'scape', 'skydome', 'toronto', 'cn', 'tower', 'stacked', 'skyline', 'your']","Tópico sobre: towering, night, scape",Tema sobre Towering,"Tópico basado en las palabras clave más frecuentes: towering, night, scape, skydome, toronto"
42,"['drone', 'dronir', 'aerial', 'road', 'shot', 'photograph', 'color', 'widir', 'ocear', 'michigan']","Tópico sobre: drone, dronir, aerial",Tema sobre Drone,"Tópico basado en las palabras clave más frecuentes: drone, dronir, aerial, road, shot"
43,"['view', 'rooftop', 'entire', 'parks', 'hill', 'from', 'views', 'overlooking', 'distant', 'skyline']","Tópico sobre: view, rooftop, entire",Tema sobre View,"Tópico basado en las palabras clave más frecuentes: view, rooftop, entire, parks, hill"
44,"['sapphire', 'below', 'blue', 'turquoisar', 'waters', 'that', 'water', 'day', 'puddl', 'turquoisir']","Tópico sobre: sapphire, below, blue",Tema sobre Sapphire,"Tópico basado en las palabras clave más frecuentes: sapphire, below, blue, turquoisar, waters"
45,"['sunset', 'silhouette', 'vista', 'over', 'skyline', 'toronto', 'city', 'towering', 'sun', 'cn']","Tópico sobre: sunset, silhouette, vista",Tema sobre Sunset,"Tópico basado en las palabras clave más frecuentes: sunset, silhouette, vista, over, skyline"
46,"['canoe', 'canoes', 'boat', 'kayak', 'small', 'calm', 'rowing', 'paddle', 'on', 'river']","Tópico sobre: canoe, canoes, boat",Tema sobre Canoe,"Tópico basado en las palabras clave más frecuentes: canoe, canoes, boat, kayak, small"
47,"['street', 'market', 'cobblestonir', 'winding', 'narrow', 'town', 'old', 'unir', 'avec', 'terrasse']","Tópico sobre: street, market, cobblestonir",Tema sobre Street,"Tópico basado en las palabras clave más frecuentes: street, market, cobblestonir, winding, narrow"
48,"['aircraft', 'plane', 'realistic', 'aircrafts', 'flight', 'wings', 'airplane', 'langoliers', 'aeroplane', 'speedy']","Tópico sobre: aircraft, plane, realistic",Tema sobre Aircraft,"Tópico basado en las palabras clave más frecuentes: aircraft, plane, realistic, aircrafts, flight"
49,"['wildlife', 'grass', 'deer', 'elk', 'naturar', 'lush', 'deers', 'meadow', 'beaver', 'standing']","Tópico sobre: wildlife, grass, deer",Tema sobre Wildlife,"Tópico basado en las palabras clave más frecuentes: wildlife, grass, deer, elk, naturar"
50,"['geography', 'geographical', 'national', 'shutterstock', 'flag', 'border', 'canadiar', 'contest', 'winner', 'above']","Tópico sobre: geography, geographical, national",Tema sobre Geography,"Tópico basado en las palabras clave más frecuentes: geography, geographical, national, shutterstock, flag"
51,"['cannot', 'hold', 'centre', 'flag', 'pride', 'parliament', 'capital', 'canadiar', 'government', 'country']","Tópico sobre: cannot, hold, centre",Tema sobre Cannot,"Tópico basado en las palabras clave más frecuentes: cannot, hold, centre, flag, pride"
52,"['falls', 'niagara', 'waterfall', 'waterfalls', 'stunning', 'victoria', 'immense', 'into', 'falling', 'huge']","Tópico sobre: falls, niagara, waterfall",Tema sobre Falls,"Tópico basado en las palabras clave más frecuentes: falls, niagara, waterfall, waterfalls, stunning"
53,"['historical', 'ottawa', 'frontenac', 'canadiar', 'chateau', 'colour', 'citadel', 'montreal', 'flying', 'quebec']","Tópico sobre: historical, ottawa, frontenac",Tema sobre Historical,"Tópico basado en las palabras clave más frecuentes: historical, ottawa, frontenac, canadiar, chateau"
54,"['nature', 'utopia', 'really', 'naturar', 'background', 'back', 'mountains', 'beautiful', 'beatiful', 'lake']","Tópico sobre: nature, utopia, really",Tema sobre Nature,"Tópico basado en las palabras clave más frecuentes: nature, utopia, really, naturar, background"
55,"['supply', 'flag', 'leafs', 'maple', 'inspired', 'syrup', 'ancell', 'stronach', 'pot', 'barlow']","Tópico sobre: supply, flag, leafs",Tema sobre Supply,"Tópico basado en las palabras clave más frecuentes: supply, flag, leafs, maple, inspired"
56,"['colors', 'fall', 'autumn', 'foliage', 'trees', 'reflecting', 'colorful', 'season', 'vermont', 'vibrant']","Tópico sobre: colors, fall, autumn",Tema sobre Colors,"Tópico basado en las palabras clave más frecuentes: colors, fall, autumn, foliage, trees"
57,"['bear', 'polar', 'half', 'wildlife', 'cat', 'lynx', 'grizzly', 'bears', 'far', 'animal']","Tópico sobre: bear, polar, half",Tema sobre Bear,"Tópico basado en las palabras clave más frecuentes: bear, polar, half, wildlife, cat"
58,"['eagle', 'wings', 'duck', 'beak', 'shoe', 'cosmic', 'gos', 'sneaker', 'head', 'gooseman']","Tópico sobre: eagle, wings, duck",Tema sobre Eagle,"Tópico basado en las palabras clave más frecuentes: eagle, wings, duck, beak, shoe"
59,"['col', 'collage', 'travel', 'cover', 'poster', 'guide', 'tourism', 'ad', 'corona', 'book']","Tópico sobre: col, collage, travel",Tema sobre Col,"Tópico basado en las palabras clave más frecuentes: col, collage, travel, cover, poster"
60,"['mora', 'lake', 'lakes', 'spectacular', 'lakesidir', 'rocky', 'mountains', 'banff', 'breathtaking', 'national']","Tópico sobre: mora, lake, lakes",Tema sobre Mora,"Tópico basado en las palabras clave más frecuentes: mora, lake, lakes, spectacular, lakesidir"
61,"['reflections', 'montreal', 'reflection', 'seattle', 'fantasy', 'modern', 'urr', 'cityscape', 'light', 'city']","Tópico sobre: reflections, montreal, reflection",Tema sobre Reflections,"Tópico basado en las palabras clave más frecuentes: reflections, montreal, reflection, seattle, fantasy"
62,"['tall', 'tower', 'skyscraper', 'towering', 'structur', 'towers', 'taller', 'thaber', 'giant', 'two']","Tópico sobre: tall, tower, skyscraper",Tema sobre Tall,"Tópico basado en las palabras clave más frecuentes: tall, tower, skyscraper, towering, structur"
63,"['york', 'new', 'urr', 'skyline', 'calgary', 'backround', 'minneapolis', 'as', 'yeg', 'city']","Tópico sobre: york, new, urr",Tema sobre York,"Tópico basado en las palabras clave más frecuentes: york, new, urr, skyline, calgary"
64,"['native', 'indigenous', 'hat', 'wearing', 'dance', 'totem', 'straw', 'shield', 'dancing', 'haido']","Tópico sobre: native, indigenous, hat",Tema sobre Native,"Tópico basado en las palabras clave más frecuentes: native, indigenous, hat, wearing, dance"
65,"['vancouver', 'downtown', 'modern', 'urr', 'clown', 'school', 'cityscape', 'patrick', 'city', 'busy']","Tópico sobre: vancouver, downtown, modern",Tema sobre Vancouver,"Tópico basado en las palabras clave más frecuentes: vancouver, downtown, modern, urr, clown"
66,"['gothic', 'style', 'cathedrals', 'cathedral', 'abbeys', 'romanesque', 'lovecraft', 'inspiring', 'murdoch', 'kells']","Tópico sobre: gothic, style, cathedrals",Tema sobre Gothic,"Tópico basado en las palabras clave más frecuentes: gothic, style, cathedrals, cathedral, abbeys"
67,"['rocks', 'formations', 'rock', 'crazy', 'giant', 'epic', 'pillars', 'strange', 'alien', 'big']","Tópico sobre: rocks, formations, rock",Tema sobre Rocks,"Tópico basado en las palabras clave más frecuentes: rocks, formations, rock, crazy, giant"
68,"['victorian', 'buildings', 'neat', 'street', 'stacked', 'dense', 'rich', 'history', 'prior', 'hall']","Tópico sobre: victorian, buildings, neat",Tema sobre Victorian,"Tópico basado en las palabras clave más frecuentes: victorian, buildings, neat, street, stacked"
69,"['flag', 'canadian', 'geography', 'wind', 'geographical', 'country', 'national', 'vexillology', 'hold', 'cannot']","Tópico sobre: flag, canadian, geography",Tema sobre Flag,"Tópico basado en las palabras clave más frecuentes: flag, canadian, geography, wind, geographical"
70,"['steps', 'stairway', 'stone', 'hiking', 'gear', 'adventure', 'staircase', 'up', 'stairs', 'riding']","Tópico sobre: steps, stairway, stone",Tema sobre Steps,"Tópico basado en las palabras clave más frecuentes: steps, stairway, stone, hiking, gear"
71,"['cottagecore', 'fitness', 'naturalist', 'hippie', 'body', 'build', 'cottage', 'moutains', 'parks', 'petrol']","Tópico sobre: cottagecore, fitness, naturalist",Tema sobre Cottagecore,"Tópico basado en las palabras clave más frecuentes: cottagecore, fitness, naturalist, hippie, body"
72,"['whale', 'whales', 'swimming', 'killer', 'submarine', 'they', 'chasing', 'aquarium', 'underwater', 'monsters']","Tópico sobre: whale, whales, swimming",Tema sobre Whale,"Tópico basado en las palabras clave más frecuentes: whale, whales, swimming, killer, submarine"
73,"['turquoisar', 'breathtaking', 'that', 'between', 'teal', 'surrounded', 'spectacular', 'mountains', 'behind', 'range']","Tópico sobre: turquoisar, breathtaking, that",Tema sobre Turquoisar,"Tópico basado en las palabras clave más frecuentes: turquoisar, breathtaking, that, between, teal"
74,"['crowd', 'festival', 'concert', 'lighting', 'outdoor', 'music', 'drugs', 'screen', 'live', 'stage']","Tópico sobre: crowd, festival, concert",Tema sobre Crowd,"Tópico basado en las palabras clave más frecuentes: crowd, festival, concert, lighting, outdoor"
75,"['fish', 'lobster', 'seafood', 'boat', 'pearls', 'sailing', 'market', 'sailboats', 'boats', 'fishing']","Tópico sobre: fish, lobster, seafood",Tema sobre Fish,"Tópico basado en las palabras clave más frecuentes: fish, lobster, seafood, boat, pearls"
76,"['doloma', 'mountainous', 'alps', 'lakesidir', 'kaying', 'areo', 'mountains', 'mountain', 'surrounded', 'ranges']","Tópico sobre: doloma, mountainous, alps",Tema sobre Doloma,"Tópico basado en las palabras clave más frecuentes: doloma, mountainous, alps, lakesidir, kaying"
77,"['artscape', 'chicago', 'featured', 'syndicate', 'corporation', 'cybertron', 'marfan', 'iacon', 'syndrome', 'altichiero']","Tópico sobre: artscape, chicago, featured",Tema sobre Artscape,"Tópico basado en las palabras clave más frecuentes: artscape, chicago, featured, syndicate, corporation"
78,"['canyon', 'gorge', 'valley', 'rivers', 'mountainscape', 'mountain', 'glacier', 'chasm', 'river', 'rocky']","Tópico sobre: canyon, gorge, valley",Tema sobre Canyon,"Tópico basado en las palabras clave más frecuentes: canyon, gorge, valley, rivers, mountainscape"
79,"['natural', 'scenic', 'surrounded', 'landscape', 'beauty', 'mountains', 'lakesidir', 'scenery', 'lakes', 'lake']","Tópico sobre: natural, scenic, surrounded",Tema sobre Natural,"Tópico basado en las palabras clave más frecuentes: natural, scenic, surrounded, landscape, beauty"
80,"['blue', 'waters', 'tone', 'green', 'water', 'turquoisir', 'puddl', 'teal', 'clear', 'light']","Tópico sobre: blue, waters, tone",Tema sobre Blue,"Tópico basado en las palabras clave más frecuentes: blue, waters, tone, green, water"
81,"['vines', 'berries', 'vineyard', 'flower', 'wine', 'idyllic', 'girl', 'farm', 'tomatoes', 'greenhouse']","Tópico sobre: vines, berries, vineyard",Tema sobre Vines,"Tópico basado en las palabras clave más frecuentes: vines, berries, vineyard, flower, wine"
82,"['parliament', 'capital', 'canal', 'boats', 'magical', 'houses', 'river', 'rich', 'history', 'channel']","Tópico sobre: parliament, capital, canal",Tema sobre Parliament,"Tópico basado en las palabras clave más frecuentes: parliament, capital, canal, boats, magical"
83,"['eye', 'birds', 'bird', 'view', 'aerial', 'shot', 'dronir', 'air', 'helicopter', 'above']","Tópico sobre: eye, birds, bird",Tema sobre Eye,"Tópico basado en las palabras clave más frecuentes: eye, birds, bird, view, aerial"
84,"['red', 'banners', 'waving', 'flag', 'accents', 'roofs', 'schemir', 'canadian', 'black', 'citadel']","Tópico sobre: red, banners, waving",Tema sobre Red,"Tópico basado en las palabras clave más frecuentes: red, banners, waving, flag, accents"
85,"['backround', 'skyline', 'modern', 'toronto', 'stacked', 'showing', 'city', 'huge', 'cn', 'towering']","Tópico sobre: backround, skyline, modern",Tema sobre Backround,"Tópico basado en las palabras clave más frecuentes: backround, skyline, modern, toronto, stacked"
86,"['wolf', 'dog', 'following', 'husky', 'pack', 'dogs', 'cann', 'tundra', 'snowfield', 'sports']","Tópico sobre: wolf, dog, following",Tema sobre Wolf,"Tópico basado en las palabras clave más frecuentes: wolf, dog, following, husky, pack"
87,"['day', 'sunny', 'lake', 'surrounded', 'mountains', 'beatiful', 'back', 'background', 'photo', 'banff']","Tópico sobre: day, sunny, lake",Tema sobre Day,"Tópico basado en las palabras clave más frecuentes: day, sunny, lake, surrounded, mountains"
88,"['silhouette', 'sunset', 'skydome', 'skyline', 'only', 'toronto', 'backround', 'black', 'cool', 'city']","Tópico sobre: silhouette, sunset, skydome",Tema sobre Silhouette,"Tópico basado en las palabras clave más frecuentes: silhouette, sunset, skydome, skyline, only"
89,"['lake', 'foreground', 'day', 'sunny', 'blue', 'surrounded', 'teal', 'wall', 'trees', 'reflecting']","Tópico sobre: lake, foreground, day",Tema sobre Lake,"Tópico basado en las palabras clave más frecuentes: lake, foreground, day, sunny, blue"
90,"['stock', 'skydome', 'footage', 'highrise', 'degreir', 'full', 'cool', 'buildings', 'ancell', 'stronach']","Tópico sobre: stock, skydome, footage",Tema sobre Stock,"Tópico basado en las palabras clave más frecuentes: stock, skydome, footage, highrise, degreir"
91,"['painting', 'matte', 'mattir', 'focus', 'soft', 'panoramic', 'finish', 'scenery', 'detailed', 'organic']","Tópico sobre: painting, matte, mattir",Tema sobre Painting,"Tópico basado en las palabras clave más frecuentes: painting, matte, mattir, focus, soft"
92,"['may', 'suburb', 'cottagecore', 'flag', 'american', 'maple', 'fitness', 'syrup', 'town', 'paved']","Tópico sobre: may, suburb, cottagecore",Tema sobre May,"Tópico basado en las palabras clave más frecuentes: may, suburb, cottagecore, flag, american"
93,"['table', 'restaurant', 'cafe', 'sitting', 'eating', 'tabl', 'coffee', 'people', 'peoplir', 'meals']","Tópico sobre: table, restaurant, cafe",Tema sobre Table,"Tópico basado en las palabras clave más frecuentes: table, restaurant, cafe, sitting, eating"
94,"['hard', 'strong', 'suit', 'tower', 'super', 'is', 'supermar', 'sky', 'wide', 'rich']","Tópico sobre: hard, strong, suit",Tema sobre Hard,"Tópico basado en las palabras clave más frecuentes: hard, strong, suit, tower, super"
95,"['castlir', 'castle', 'winter', 'scenir', 'covered', 'snowy', 'frontenac', 'chateau', 'snowman', 'normand']","Tópico sobre: castlir, castle, winter",Tema sobre Castlir,"Tópico basado en las palabras clave más frecuentes: castlir, castle, winter, scenir, covered"
96,"['snowy', 'peaks', 'majestic', 'landscape', 'snow', 'icy', 'peak', 'mountain', 'mountainous', 'mountains']","Tópico sobre: snowy, peaks, majestic",Tema sobre Snowy,"Tópico basado en las palabras clave más frecuentes: snowy, peaks, majestic, landscape, snow"
97,"['train', 'trains', 'traveling', 'railway', 'through', 'railroad', 'rails', 'express', 'far', 'bullet']","Tópico sobre: train, trains, traveling",Tema sobre Train,"Tópico basado en las palabras clave más frecuentes: train, trains, traveling, railway, through"
98,"['contest', 'cg', 'society', 'winner', 'unsplash', 'featured', 'cityscape', 'super', 'silhouette', 'wide']","Tópico sobre: contest, cg, society",Tema sobre Contest,"Tópico basado en las palabras clave más frecuentes: contest, cg, society, winner, unsplash"
99,"['buildings', 'tall', 'screens', 'led', 'skyscraper', 'billboard', 'structur', 'billboards', 'tower', 'high']","Tópico sobre: buildings, tall, screens",Tema sobre Buildings,"Tópico basado en las palabras clave más frecuentes: buildings, tall, screens, led, skyscraper"
100,"['geography', 'shutterstock', 'national', 'geographical', 'contest', 'winner', 'flag', 'canadian', 'country', 'flying']","Tópico sobre: geography, shutterstock, national",Tema sobre Geography,"Tópico basado en las palabras clave más frecuentes: geography, shutterstock, national, geographical, contest"
101,"['emerald', 'blue', 'water', 'green', 'waters', 'clear', 'highly', 'lake', 'teal', 'detailed']","Tópico sobre: emerald, blue, water",Tema sobre Emerald,"Tópico basado en las palabras clave más frecuentes: emerald, blue, water, green, waters"
102,"['towering', 'highrise', 'tower', 'skydome', 'di', 'pugno', 'per', 'money', 'dollari', 'toronto']","Tópico sobre: towering, highrise, tower",Tema sobre Towering,"Tópico basado en las palabras clave más frecuentes: towering, highrise, tower, skydome, di"
103,"['pool', 'onsen', 'tent', 'warm', 'spa', 'healing', 'pods', 'glamping', 'geodesic', 'hot']","Tópico sobre: pool, onsen, tent",Tema sobre Pool,"Tópico basado en las palabras clave más frecuentes: pool, onsen, tent, warm, spa"
104,"['snow', 'winter', 'military', 'heavy', 'scenir', 'storm', 'snowstorm', 'covered', 'cold', 'cozy']","Tópico sobre: snow, winter, military",Tema sobre Snow,"Tópico basado en las palabras clave más frecuentes: snow, winter, military, heavy, scenir"
105,"['waterfalls', 'waterfall', 'niagara', 'falls', 'flowing', 'peaceful', 'ontario', 'really', 'river', 'stunning']","Tópico sobre: waterfalls, waterfall, niagara",Tema sobre Waterfalls,"Tópico basado en las palabras clave más frecuentes: waterfalls, waterfall, niagara, falls, flowing"
106,"['waterfalls', 'waterfall', 'niagara', 'ruins', 'multiple', 'falls', 'rapids', 'several', 'huge', 'ancient']","Tópico sobre: waterfalls, waterfall, niagara",Tema sobre Waterfalls,"Tópico basado en las palabras clave más frecuentes: waterfalls, waterfall, niagara, ruins, multiple"
107,"['aurora', 'borealis', 'northern', 'lights', 'boreali', 'sky', 'inuit', 'tents', 'antartic', 'dramatic']","Tópico sobre: aurora, borealis, northern",Tema sobre Aurora,"Tópico basado en las palabras clave más frecuentes: aurora, borealis, northern, lights, boreali"
108,"['taller', 'thaber', 'boat', 'skyscraper', 'woman', 'only', 'cool', 'showing', 'black', 'toronto']","Tópico sobre: taller, thaber, boat",Tema sobre Taller,"Tópico basado en las palabras clave más frecuentes: taller, thaber, boat, skyscraper, woman"
109,"['beer', 'wine', 'bar', 'holding', 'drinking', 'glass', 'table', 'pint', 'peoplir', 'advertisement']","Tópico sobre: beer, wine, bar",Tema sobre Beer,"Tópico basado en las palabras clave más frecuentes: beer, wine, bar, holding, drinking"
110,"['castle', 'citadel', 'victorian', 'castl', 'colour', 'frontenac', 'couverte', 'sang', 'bouche', 'chateau']","Tópico sobre: castle, citadel, victorian",Tema sobre Castle,"Tópico basado en las palabras clave más frecuentes: castle, citadel, victorian, castl, colour"
111,"['winter', 'snowy', 'icy', 'capped', 'scenir', 'peaks', 'vibrancy', 'snow', 'bench', 'spring']","Tópico sobre: winter, snowy, icy",Tema sobre Winter,"Tópico basado en las palabras clave más frecuentes: winter, snowy, icy, capped, scenir"
112,"['standing', 'overlooking', 'crystal', 'swedish', 'cabin', 'greta', 'thunberg', 'finland', 'girl', 'cliff']","Tópico sobre: standing, overlooking, crystal",Tema sobre Standing,"Tópico basado en las palabras clave más frecuentes: standing, overlooking, crystal, swedish, cabin"
113,"['house', 'derelict', 'sharp', 'iron', 'bark', 'focu', 'suburr', 'home', 'abandoned', 'dilapidated']","Tópico sobre: house, derelict, sharp",Tema sobre House,"Tópico basado en las palabras clave más frecuentes: house, derelict, sharp, iron, bark"
114,"['views', 'skydome', 'super', 'wide', 'sunset', 'cn', 'towering', 'toronto', 'skyline', 'manjit']","Tópico sobre: views, skydome, super",Tema sobre Views,"Tópico basado en las palabras clave más frecuentes: views, skydome, super, wide, sunset"
115,"['chairs', 'sitting', 'chair', 'picnic', 'table', 'lunch', 'shore', 'breakfast', 'comfy', 'throne']","Tópico sobre: chairs, sitting, chair",Tema sobre Chairs,"Tópico basado en las palabras clave más frecuentes: chairs, sitting, chair, picnic, table"
116,"['street', 'france', 'streets', 'crowded', 'budapest', 'narrow', 'european', 'belgium', 'lviv', 'pari']","Tópico sobre: street, france, streets",Tema sobre Street,"Tópico basado en las palabras clave más frecuentes: street, france, streets, crowded, budapest"
117,"['standing', 'cliff', 'edge', 'man', 'amazing', 'overlooking', 'rock', 'fence', 'parks', 'rocky']","Tópico sobre: standing, cliff, edge",Tema sobre Standing,"Tópico basado en las palabras clave más frecuentes: standing, cliff, edge, man, amazing"
118,"['paris', 'window', 'windows', 'berlin', 'glass', 'coeur', 'london', 'sacrir', 'basilico', 'european']","Tópico sobre: paris, window, windows",Tema sobre Paris,"Tópico basado en las palabras clave más frecuentes: paris, window, windows, berlin, glass"
119,"['vast', 'ranges', 'grand', 'setting', 'rivers', 'surrounded', 'majestic', 'spectacular', 'rocky', 'mountain']","Tópico sobre: vast, ranges, grand",Tema sobre Vast,"Tópico basado en las palabras clave más frecuentes: vast, ranges, grand, setting, rivers"
120,"['government', 'capitol', 'parliament', 'capital', 'archivar', 'parlament', 'dictatorship', 'meeting', 'building', 'clock']","Tópico sobre: government, capitol, parliament",Tema sobre Government,"Tópico basado en las palabras clave más frecuentes: government, capitol, parliament, capital, archivar"
121,"['snowy', 'snow', 'peak', 'cold', 'winter', 'scenir', 'mount', 'area', 'forest', 'dark']","Tópico sobre: snowy, snow, peak",Tema sobre Snowy,"Tópico basado en las palabras clave más frecuentes: snowy, snow, peak, cold, winter"
122,"['dramatic', 'mountains', 'behind', 'mountain', 'spectacular', 'lakesidir', 'background', 'range', 'large', 'back']","Tópico sobre: dramatic, mountains, behind",Tema sobre Dramatic,"Tópico basado en las palabras clave más frecuentes: dramatic, mountains, behind, mountain, spectacular"
123,"['clock', 'parliament', 'capital', 'government', 'cannot', 'hold', 'centre', 'cad', 'godray', 'building']","Tópico sobre: clock, parliament, capital",Tema sobre Clock,"Tópico basado en las palabras clave más frecuentes: clock, parliament, capital, government, cannot"
124,"['res', 'public', 'space', 'low', 'lightfoot', 'gordon', 'maxwell', 'william', 'crosbie', 'parks']","Tópico sobre: res, public, space",Tema sobre Res,"Tópico basado en las palabras clave más frecuentes: res, public, space, low, lightfoot"
125,"['walking', 'beach', 'sand', 'hour', 'sunset', 'dn', 'sun', 'towards', 'kauai', 'man']","Tópico sobre: walking, beach, sand",Tema sobre Walking,"Tópico basado en las palabras clave más frecuentes: walking, beach, sand, hour, sunset"
126,"['parliament', 'habitat', 'martin', 'desjardins', 'boats', 'houses', 'domachowski', 'andrew', 'by', 'henry']","Tópico sobre: parliament, habitat, martin",Tema sobre Parliament,"Tópico basado en las palabras clave más frecuentes: parliament, habitat, martin, desjardins, boats"
127,"['tall', 'tower', 'hanging', 'skydome', 'skyscraper', 'vertigo', 'buildings', 'taller', 'thaber', 'towering']","Tópico sobre: tall, tower, hanging",Tema sobre Tall,"Tópico basado en las palabras clave más frecuentes: tall, tower, hanging, skydome, skyscraper"
128,"['hos', 'colorful', 'row', 'houses', 'roofs', 'brightly', 'wooden', 'peaked', 'harbour', 'whimsical']","Tópico sobre: hos, colorful, row",Tema sobre Hos,"Tópico basado en las palabras clave más frecuentes: hos, colorful, row, houses, roofs"
129,"['reflections', 'reflection', 'skylinar', 'cityscape', 'vancouver', 'urr', 'sunset', 'reflective', 'australia', 'skyline']","Tópico sobre: reflections, reflection, skylinar",Tema sobre Reflections,"Tópico basado en las palabras clave más frecuentes: reflections, reflection, skylinar, cityscape, vancouver"
130,"['geodesic', 'domes', 'dome', 'glass', 'biodome', 'amusement', 'sphere', 'shiny', 'attractions', 'cwc']","Tópico sobre: geodesic, domes, dome",Tema sobre Geodesic,"Tópico basado en las palabras clave más frecuentes: geodesic, domes, dome, glass, biodome"
131,"['haircut', 'gloves', 'mullet', 'glov', 'hands', 'hair', 'his', 'right', 'olympic', 'person']","Tópico sobre: haircut, gloves, mullet",Tema sobre Haircut,"Tópico basado en las palabras clave más frecuentes: haircut, gloves, mullet, glov, hands"
132,"['tall', 'skyscraper', 'tower', 'gigantic', 'metal', 'thaber', 'taller', 'colossal', 'towers', 'structur']","Tópico sobre: tall, skyscraper, tower",Tema sobre Tall,"Tópico basado en las palabras clave más frecuentes: tall, skyscraper, tower, gigantic, metal"
133,"['lake', 'day', 'sunny', 'within', 'calm', 'scenar', 'patagonian', 'setting', 'lakes', 'front']","Tópico sobre: lake, day, sunny",Tema sobre Lake,"Tópico basado en las palabras clave más frecuentes: lake, day, sunny, within, calm"
134,"['vancouver', 'school', 'maple', 'canadiar', 'bc', 'boston', 'loving', 'athmosphere', 'leaves', 'harbour']","Tópico sobre: vancouver, school, maple",Tema sobre Vancouver,"Tópico basado en las palabras clave más frecuentes: vancouver, school, maple, canadiar, bc"
135,"['night', 'street', 'time', 'stowe', 'town', 'burried', 'snowfall', 'at', 'evening', 'dusk']","Tópico sobre: night, street, time",Tema sobre Night,"Tópico basado en las palabras clave más frecuentes: night, street, time, stowe, town"
136,"['empire', 'autumn', 'fore', 'central', 'parks', 'colorful', 'spring', 'silhouette', 'gardens', 'skyline']","Tópico sobre: empire, autumn, fore",Tema sobre Empire,"Tópico basado en las palabras clave más frecuentes: empire, autumn, fore, central, parks"
137,"['buildings', 'dusk', 'rs', 'tall', 'stacked', 'emphasis', 'high', 'skyscapers', 'structur', 'risir']","Tópico sobre: buildings, dusk, rs",Tema sobre Buildings,"Tópico basado en las palabras clave más frecuentes: buildings, dusk, rs, tall, stacked"
138,"['munich', 'castle', 'hogwarts', 'vienna', 'hannover', 'gothic', 'disney', 'austria', 'prague', 'florence']","Tópico sobre: munich, castle, hogwarts",Tema sobre Munich,"Tópico basado en las palabras clave más frecuentes: munich, castle, hogwarts, vienna, hannover"
139,"['eating', 'pizza', 'donut', 'food', 'pastry', 'stalls', 'sesame', 'holding', 'leftover', 'luscious']","Tópico sobre: eating, pizza, donut",Tema sobre Eating,"Tópico basado en las palabras clave más frecuentes: eating, pizza, donut, food, pastry"
140,"['vegetation', 'forest', 'colorful', 'autumn', 'colors', 'trees', 'flaming', 'fall', 'foliage', 'nordic']","Tópico sobre: vegetation, forest, colorful",Tema sobre Vegetation,"Tópico basado en las palabras clave más frecuentes: vegetation, forest, colorful, autumn, colors"
141,"['pool', 'hot', 'lush', 'spa', 'onsen', 'gardir', 'wellness', 'magma', 'resort', 'swimming']","Tópico sobre: pool, hot, lush",Tema sobre Pool,"Tópico basado en las palabras clave más frecuentes: pool, hot, lush, spa, onsen"
142,"['bicycle', 'bike', 'hoffman', 'trip', 'light', 'riding', 'lighthouse', 'ligjt', 'trail', 'searchlight']","Tópico sobre: bicycle, bike, hoffman",Tema sobre Bicycle,"Tópico basado en las palabras clave más frecuentes: bicycle, bike, hoffman, trip, light"
143,"['lens', 'fisheye', 'angle', 'widir', 'photography', 'wharf', 'canary', 'curvilinear', 'jacksonville', 'degreir']","Tópico sobre: lens, fisheye, angle",Tema sobre Lens,"Tópico basado en las palabras clave más frecuentes: lens, fisheye, angle, widir, photography"
144,"['flag', 'greir', 'wind', 'vexillology', 'canadian', 'boards', 'maple', 'flying', 'border', 'defence']","Tópico sobre: flag, greir, wind",Tema sobre Flag,"Tópico basado en las palabras clave más frecuentes: flag, greir, wind, vexillology, canadian"
145,"['night', 'time', 'kowloon', 'kong', 'hong', 'lifir', 'future', 'city', 'modern', 'silhouette']","Tópico sobre: night, time, kowloon",Tema sobre Night,"Tópico basado en las palabras clave más frecuentes: night, time, kowloon, kong, hong"
146,"['flag', 'patriotic', 'flags', 'hands', 'argentina', 'patriotism', 'argentino', 'his', 'right', 'hand']","Tópico sobre: flag, patriotic, flags",Tema sobre Flag,"Tópico basado en las palabras clave más frecuentes: flag, patriotic, flags, hands, argentina"
147,"['worst', 'europe', 'placir', 'live', 'travel', 'to', 'guide', 'attestation', 'airport', 'ad']","Tópico sobre: worst, europe, placir",Tema sobre Worst,"Tópico basado en las palabras clave más frecuentes: worst, europe, placir, live, travel"
148,"['swamp', 'forest', 'pond', 'trees', 'coniferous', 'birch', 'rivers', 'really', 'river', 'lake']","Tópico sobre: swamp, forest, pond",Tema sobre Swamp,"Tópico basado en las palabras clave más frecuentes: swamp, forest, pond, trees, coniferous"
149,"['flag', 'patriotism', 'syrup', 'wall', 'cad', 'maple', 'petrol', 'canadian', 'hands', 'defence']","Tópico sobre: flag, patriotism, syrup",Tema sobre Flag,"Tópico basado en las palabras clave más frecuentes: flag, patriotism, syrup, wall, cad"
150,"['creation', 'mountainous', 'sevar', 'god', 'ranges', 'areo', 'surrounding', 'hiking', 'grand', 'moutains']","Tópico sobre: creation, mountainous, sevar",Tema sobre Creation,"Tópico basado en las palabras clave más frecuentes: creation, mountainous, sevar, god, ranges"
151,"['frozen', 'skating', 'ice', 'field', 'empty', 'snow', 'icy', 'quear', 'cold', 'carving']","Tópico sobre: frozen, skating, ice",Tema sobre Frozen,"Tópico basado en las palabras clave más frecuentes: frozen, skating, ice, field, empty"
152,"['skydome', 'skyline', 'cool', 'showing', 'cities', 'stacked', 'super', 'towering', 'wide', 'henry']","Tópico sobre: skydome, skyline, cool",Tema sobre Skydome,"Tópico basado en las palabras clave más frecuentes: skydome, skyline, cool, showing, cities"
153,"['greenish', 'blue', 'clear', 'azure', 'water', 'crystal', 'turquoise', 'tones', 'teal', 'palette']","Tópico sobre: greenish, blue, clear",Tema sobre Greenish,"Tópico basado en las palabras clave más frecuentes: greenish, blue, clear, azure, water"
154,"['lights', 'lighting', 'neon', 'colourful', 'vivid', 'colored', 'colorful', 'vibrant', 'spotlights', 'rainbow']","Tópico sobre: lights, lighting, neon",Tema sobre Lights,"Tópico basado en las palabras clave más frecuentes: lights, lighting, neon, colourful, vivid"
155,"['river', 'how', 'rivers', 'massive', 'forest', 'great', 'trees', 'running', 'hampshire', 'hills']","Tópico sobre: river, how, rivers",Tema sobre River,"Tópico basado en las palabras clave más frecuentes: river, how, rivers, massive, forest"
156,"['reflections', 'incredible', 'smooth', 'brilliant', 'shiny', 'skylinar', 'reflection', 'many', 'detailed', 'seattle']","Tópico sobre: reflections, incredible, smooth",Tema sobre Reflections,"Tópico basado en las palabras clave más frecuentes: reflections, incredible, smooth, brilliant, shiny"
157,"['bridges', 'gap', 'crossing', 'geographical', 'flag', 'canadian', 'inspired', 'vancouver', 'border', 'bridge']","Tópico sobre: bridges, gap, crossing",Tema sobre Bridges,"Tópico basado en las palabras clave más frecuentes: bridges, gap, crossing, geographical, flag"
158,"['panoramic', 'widescreen', 'mountainous', 'terrain', 'sevar', 'photography', 'shot', 'vast', 'ranges', 'surrounding']","Tópico sobre: panoramic, widescreen, mountainous",Tema sobre Panoramic,"Tópico basado en las palabras clave más frecuentes: panoramic, widescreen, mountainous, terrain, sevar"
159,"['areo', 'mountainous', 'image', 'blue', 'surrounded', 'moutains', 'valley', 'petrol', 'wall', 'wallpaper']","Tópico sobre: areo, mountainous, image",Tema sobre Areo,"Tópico basado en las palabras clave más frecuentes: areo, mountainous, image, blue, surrounded"
160,"['log', 'homes', 'built', 'coniferous', 'hills', 'setting', 'houses', 'spectacular', 'scenic', 'lakesidir']","Tópico sobre: log, homes, built",Tema sobre Log,"Tópico basado en las palabras clave más frecuentes: log, homes, built, coniferous, hills"
161,"['hut', 'house', 'tiny', 'cottage', 'huts', 'small', 'shore', 'island', 'unusual', 'isolated']","Tópico sobre: hut, house, tiny",Tema sobre Hut,"Tópico basado en las palabras clave más frecuentes: hut, house, tiny, cottage, huts"
162,"['ship', 'boat', 'shipping', 'container', 'deck', 'taken', 'dock', 'material', 'authority', 'bssrdf']","Tópico sobre: ship, boat, shipping",Tema sobre Ship,"Tópico basado en las palabras clave más frecuentes: ship, boat, shipping, container, deck"
163,"['moon', 'moonlit', 'chicago', 'nighttime', 'nightscape', 'big', 'skyline', 'urr', 'city', 'moonlight']","Tópico sobre: moon, moonlit, chicago",Tema sobre Moon,"Tópico basado en las palabras clave más frecuentes: moon, moonlit, chicago, nighttime, nightscape"
164,"['canoe', 'canoes', 'cottagecore', 'parks', 'small', 'fitness', 'sit', 'shore', 'boards', 'boreal']","Tópico sobre: canoe, canoes, cottagecore",Tema sobre Canoe,"Tópico basado en las palabras clave más frecuentes: canoe, canoes, cottagecore, parks, small"
165,"['mountainous', 'temer', 'mountainscape', 'majestic', 'climb', 'range', 'areo', 'path', 'mountain', 'setting']","Tópico sobre: mountainous, temer, mountainscape",Tema sobre Mountainous,"Tópico basado en las palabras clave más frecuentes: mountainous, temer, mountainscape, majestic, climb"
166,"['table', 'cheesar', 'cheese', 'restaurant', 'rooftop', 'eating', 'terrace', 'food', 'tabl', 'dish']","Tópico sobre: table, cheesar, cheese",Tema sobre Table,"Tópico basado en las palabras clave más frecuentes: table, cheesar, cheese, restaurant, rooftop"
167,"['food', 'plate', 'bowl', 'orange', 'delicious', 'salad', 'offering', 'buns', 'steamed', 'asiar']","Tópico sobre: food, plate, bowl",Tema sobre Food,"Tópico basado en las palabras clave más frecuentes: food, plate, bowl, orange, delicious"
168,"['hoffman', 'bicycle', 'trip', 'greenways', 'eco', 'greir', 'urbanism', 'nomadic', 'parks', 'yeg']","Tópico sobre: hoffman, bicycle, trip",Tema sobre Hoffman,"Tópico basado en las palabras clave más frecuentes: hoffman, bicycle, trip, greenways, eco"
169,"['road', 'fall', 'autumn', 'beginning', 'hilly', 'colors', 'corduroy', 'oct', 'treacherous', 'pass']","Tópico sobre: road, fall, autumn",Tema sobre Road,"Tópico basado en las palabras clave más frecuentes: road, fall, autumn, beginning, hilly"
170,"['dusk', 'stacked', 'black', 'only', 'skydome', 'skyline', 'towering', 'toronto', 'cool', 'city']","Tópico sobre: dusk, stacked, black",Tema sobre Dusk,"Tópico basado en las palabras clave más frecuentes: dusk, stacked, black, only, skydome"
171,"['running', 'couple', 'peoplir', 'walking', 'grassy', 'silhouett', 'grass', 'romantic', 'smiling', 'man']","Tópico sobre: running, couple, peoplir",Tema sobre Running,"Tópico basado en las palabras clave más frecuentes: running, couple, peoplir, walking, grassy"
172,"['fjord', 'norway', 'fjords', 'iceland', 'icelandic', 'norwegiar', 'reykjavik', 'village', 'scandinaviar', 'viking']","Tópico sobre: fjord, norway, fjords",Tema sobre Fjord,"Tópico basado en las palabras clave más frecuentes: fjord, norway, fjords, iceland, icelandic"
173,"['rivers', 'grand', 'majestic', 'rocky', 'surrounded', 'mountains', 'lakesidir', 'reflected', 'lakes', 'and']","Tópico sobre: rivers, grand, majestic",Tema sobre Rivers,"Tópico basado en las palabras clave más frecuentes: rivers, grand, majestic, rocky, surrounded"
174,"['hiking', 'trail', 'climb', 'path', 'glacier', 'to', 'cloth', 'gear', 'travel', 'time']","Tópico sobre: hiking, trail, climb",Tema sobre Hiking,"Tópico basado en las palabras clave más frecuentes: hiking, trail, climb, path, glacier"
175,"['hour', 'goldir', 'barbara', 'santa', 'washington', 'photography', 'sunsest', 'hdr', 'state', 'oregon']","Tópico sobre: hour, goldir, barbara",Tema sobre Hour,"Tópico basado en las palabras clave más frecuentes: hour, goldir, barbara, santa, washington"
176,"['scape', 'distant', 'yeg', 'skyline', 'modern', 'super', 'rooftop', 'views', 'hillside', 'wide']","Tópico sobre: scape, distant, yeg",Tema sobre Scape,"Tópico basado en las palabras clave más frecuentes: scape, distant, yeg, skyline, modern"
177,"['red', 'color', 'team', 'clothed', 'attirar', 'power', 'start', 'cross', 'racir', 'jumpsuit']","Tópico sobre: red, color, team",Tema sobre Red,"Tópico basado en las palabras clave más frecuentes: red, color, team, clothed, attirar"
178,"['parliament', 'government', 'cannot', 'hold', 'centre', 'archive', 'capital', 'hos', 'houses', 'clock']","Tópico sobre: parliament, government, cannot",Tema sobre Parliament,"Tópico basado en las palabras clave más frecuentes: parliament, government, cannot, hold, centre"
179,"['skyscraper', 'thaber', 'taller', 'skylinar', 'stacked', 'tall', 'toronto', 'towering', 'cn', 'scrapers']","Tópico sobre: skyscraper, thaber, taller",Tema sobre Skyscraper,"Tópico basado en las palabras clave más frecuentes: skyscraper, thaber, taller, skylinar, stacked"
180,"['beauty', 'natural', 'landscape', 'surrounded', 'teal', 'very', 'boreal', 'rainforest', 'foreground', 'naturar']","Tópico sobre: beauty, natural, landscape",Tema sobre Beauty,"Tópico basado en las palabras clave más frecuentes: beauty, natural, landscape, surrounded, teal"
181,"['boston', 'massachusetts', 'highway', 'modern', 'urr', 'new', 'skyline', 'atlanta', 'fall', 'detailed']","Tópico sobre: boston, massachusetts, highway",Tema sobre Boston,"Tópico basado en las palabras clave más frecuentes: boston, massachusetts, highway, modern, urr"
182,"['canoeing', 'lakes', 'pristine', 'waterfalls', 'paddle', 'perfectly', 'lake', 'foreground', 'gondola', 'day']","Tópico sobre: canoeing, lakes, pristine",Tema sobre Canoeing,"Tópico basado en las palabras clave más frecuentes: canoeing, lakes, pristine, waterfalls, paddle"
183,"['habitat', 'boat', 'habitatir', 'taken', 'traveling', 'was', 'down', 'front', 'parliament', 'ocult']","Tópico sobre: habitat, boat, habitatir",Tema sobre Habitat,"Tópico basado en las palabras clave más frecuentes: habitat, boat, habitatir, taken, traveling"
184,"['hour', 'dark', 'cloaked', 'moonlight', 'smithsonian', 'shadows', 'prior', 'old', 'dc', 'ground']","Tópico sobre: hour, dark, cloaked",Tema sobre Hour,"Tópico basado en las palabras clave más frecuentes: hour, dark, cloaked, moonlight, smithsonian"
185,"['vast', 'surrounding', 'terrain', 'mountainous', 'scenery', 'grand', 'ranges', 'majestic', 'rivers', 'middle']","Tópico sobre: vast, surrounding, terrain",Tema sobre Vast,"Tópico basado en las palabras clave más frecuentes: vast, surrounding, terrain, mountainous, scenery"
186,"['award', 'winning', 'victorian', 'quebec', 'hotel', 'retreat', 'awards', 'palatial', 'seasidir', 'frontenac']","Tópico sobre: award, winning, victorian",Tema sobre Award,"Tópico basado en las palabras clave más frecuentes: award, winning, victorian, quebec, hotel"
187,"['crumbling', 'flies', 'building', 'sidir', 'flag', 'pride', 'canadian', 'front', 'death', 'canadiar']","Tópico sobre: crumbling, flies, building",Tema sobre Crumbling,"Tópico basado en las palabras clave más frecuentes: crumbling, flies, building, sidir, flag"
