topic,representative_doc
0,the cover of the book the world most hikes beatiful mountain background mountains background banff national park large rocky mountain rocky mountains and river large mountains in back background mountains mountains and lakes spectacular rocky mountains beautiful mountains behind canado mountain background mountains in background beautiful mountains mountains and rivers
1,niagara falls in autumn niagara falls beautiful stunning waterfall immense waterfall huge waterfalls huge waterfall beautiful waterfall waterfall falling into lake waterfall beautiful water fall stunning waterfall waterfall falling down river flowing with waterfall high waterfalls water falls with waterfalls an endless waterfall waterfall water splashing cascading
2,mountain range in the distance of lake banff national park mountains and lakes british columbia lakesidir mountains rocky mountains and river large rocky mountain spectacular rocky mountains mountain lakes scenic mountain setting mountain lake grand majestic mountains canado beautiful lake background mountains background mountainous background background mountains beatiful mountain background
3,person in canoe on lake banff national park british columbia mountain lakes canado mountain lake mountains and lakes beautiful lake background photo of lake on sunny day rocky mountains and river spectacular rocky mountains scenic mountain setting large rocky mountain lakesidir mountains beautiful lake rocky mountains lake in the forest
4,lake with mountains in the background beatiful mountain background mountains background mountain lake large mountains in back mountains in background beautiful mountains mountains and lakes mountains at background mountain background beautiful mountains behind rocky mountains and river large mountain banff national park beautiful lake background canado large rocky mountain lakesidir mountains
5,city skyline with canadian flag flying over it canado vancouver canadiar maple leaves british columbia defence beautiful border flag bc country by ancell stronach beautiful city capital of pride wall loving athmosphere inspired by thomas furlong africar canadiar
6,mountain lake with snow and rocks in the fore banff national park beautiful snowy landscape izar snowy lake setting beautiful winter area icy lake setting snowy mountain landscape snow landscape spectacular rocky mountains majestic snowy mountains with snowy mountain and ice winter lake setting snowy landscape icy landscape an amazing landscape image snow landscape background
7,view of mountain range with blue sky sand dune background deep goldir sand desert background sand dún sand dún sand desert sand dune majestic dunes desert wasteland sand banks deserted sand dún barrer desert landscape desert and blue sky beach is between the two valleys blowing sands sand and desert environment deserts and mountains
8,view of the city from the top of hill chateau frontenac high fantasy castle medieval castle on background quebec medieval castle background amusement park attractions insidir an epic gothic castle fantasy castle medieval castle medieval castle gothic castle in background inspired by henry carr amusement park buildings gothic castle in the background disneyland castle
9,person standing on rocky trail looking at mountain british columbia banff national park grand majestic mountains large rocky mountain spectacular mountains dramatic mountain background beatiful mountain background mountains background large mountains in back beautiful mountains behind mountains in background spectacular rocky mountains majestic mountains photo gigapixel
10,city with bridge and river tall bridge with city on top lots of bridges bridge city entire city in view quebec harbour in background bridges crossing the gap harbour port city bridges port scenir background with city in the background view over city beuteful great river port city view vallejo
11,snowy scenir in the city of quebec festive atmosphere snow landscape background an alley in pari in winter winter park background snow scenir peoplir walking down street snow fall quebec peoplir walking in street snowy background north pole winter wonderland winter snow snowy peoplir walking on street christma winter in the snow beautiful winter areo
12,view of the city skylinar from boat toronto city the city of toronto toronto cn tower beautiful city entertainment district skyline showing canado beautiful city black woman only city skyline city skyline in the backround city in backround cool skydome cities flourishing harbour highrise buildings city background bay
13,lake surrounded by trees banff national park rocky mountains and river british columbia spectacular rocky mountains mountains and lakes mountain lakes mountain lake lakesidir mountains rocky mountains scenic mountain setting lake blue canado large rocky mountain teal landscape waterfalls and lakes photo of lake on sunny day beautiful lake background
14,city skyline at night toronto city the city of toronto toronto cn tower cool skydome entertainment district beautiful city beautiful city black woman only canado beautiful city of the future ice city in magical city colorful city towering over city capital of pride stacked city
15,woman in canadian flag banff national park canado spectacular rocky mountains british columbia canadiar maple leaves mountains and lakes national geography photography large rocky mountain rocky mountains and river tourism waterfalls and lakes behind that turquoisar mountains lakes and waterfalls rocky mountains national geographical national geography lakesidir mountains cottagecore
16,crowd of peoplir holding signs in front of building the city of toronto protest movement toronto ayahausca miners return of the many to the one toronto city bright blue future lots of signs blue wall in the argentine congress workers revolution colorful signs argentina presidential rally mining beautiful mine paradir
17,lake with mountain in the background banff national park spectacular rocky mountains beautiful mountains mountains and lakes lakesidir mountains rocky mountains british columbia rocky mountains and river canado lake blue moutains mountains background mountain lake beautiful mountains behind spectacular mountains majestic snowy mountains beatiful mountain background epic mountains
18,the aurora auroro auroro auroro auroro auroro auroro auroro auroro auroro auroro auroro auroro auroro auroro auroro auroro auroro auroro auroro northern lights background aurora northern lights norilsk northen lights background lapland alaska aurora boreali on background north pole with aurora boreali in the sky distant mountains lights photo borealis aurora boreali
19,city skyline at night toronto city the city of toronto toronto beautiful city entertainment district cn tower cool skydome magical city vibrant city lights beautiful city black woman only skydome colorful city city in backround beautiful city of the future city skyline city skyline in the backround skyline showing stacked city
20,lake with mountains in the background banff national park british columbia mountains and lakes rocky mountains and river canado beautiful lake background mountain lake photo of lake on sunny day spectacular rocky mountains lake blue vibrant water river mountain lakes mountains background beautiful lake mountains and rivers waterfalls and lakes quebec
21,painting of road with trees and mountains in the background mountains surrounding spectacular rocky mountains rocky mountains mountain ranges mountainous background wind river valley mountainous terrain mountainous areo hiking in rocky mountain large mountains in back rocky mountains in background banff national park rocky hills panoramic photography mountain pass low
22,lake with mountain in the background beautiful mountains beatiful mountain background mountain range banff national park spectacular rocky mountains lakesidir mountains mountains background large rocky mountain moutains spectacular mountains mountain ranges mountainscape large mountains in back canado epic mountains large mountain breathtaking mountains majestic snowy mountains icy mountains
23,ski lift going up snowy mountain chairlift whistler gondola gondola british columbia snowy mountain background high above treeline scenic mountain setting snowy mountain mountainous setting banff national park snowy peak mountainous background stunning skied snowy mountains full width snow capped mountains mountain snow
24,central park in autumn montreal minneapolis as background vibrant autumn colors spring season city ukraine professional photo parks and lakes scenic colorful environment quebec colorful trees autumn background photo of lake on sunny day autumn colors colors reflecting on lake minneapoli autumn mountains colorful autumn trees during autumn city of pristine colors
25,the city of quebec canado quebec chateau frontenac montreal beautiful city citadel magical city canado villeneuve citadel colour entire city in view studar cachette mountains and huge old city city in backround beautiful city black woman only art nouveaux victorian city city background
26,red housar on the water with boat in the background waterfront hoús port scenir background beautiful small town cottage town canado small scandinaviar hoús quebec town background harbour city docks cottagecore city of pristine colors wood pier and hoús colorful buildings white buildings with red roofs fishing town motif
27,building with circular entrance futuristic building rounded architecture huge futuristic building the mothership futuristic hall big turtle shell alien church brutalist space ship unique architecture rounded roof modern art museum modernist curvilinear architecture concrete building futuristic dome brutalist architecture building giant hall alien spaceship
28,body of water vancouver beautiful city which show beach at sunset british columbia long beach background entertainment district coastline city background coast as the background shoreline beautiful cityscape capital city city on hillside vancouver school cities flourishing city in backround sun coast in an eco city magical city
29,group of peoplir holding canadiar flag in front of lake canado canadiar maple leaves tourism summit group of peoplir group of peoplir country cad group photo tourist cottagecore loving athmosphere maple syrup groups of peoplir summit press photo vancouver school cottagecore fitness body
30,painting of city skyline with mountains in the background whistler vancouver british columbia city in backround beautiful cityscape background mountains surrounding seattle city background city skyline in the backround panoramic photography city scape portland oregon city on hillside tall buildings puyallup berteronian city of towers lowr
31,things to do in toronto toronto city the city of toronto toronto entertainment district travel guide youtube thumbnail featured on artscape inspired by henry carr trending on pinterest trending on fiverr varying locations inspired by louise catherine breslau featured in artscape inspired by thomas furlong inspired by manjit bawa
32,the city of vancouver at sunset vancouver british columbia beautiful city entertainment district canado very beautiful aerial shot hd aerial photography cities flourishing city birds eye view aerial view of city widir aerial shot view from helicopter aerial photography photo of futuristic cityscape magical city aerial photograph bird eye view of city
33,herd of deer grazing in field wildlife deer lapland elk the antler peoplir tundra short antlers deers long horns thin antlers fauna two small horn on the head northern finland cute single animal antlers an anthropomorphic deer bj rn px
34,body of water seattle vancouver beautiful city skyline showing portland oregon beautiful cityscape beautiful cityscape background pacific northwest city skyline seattle completely wasted away city skyline in the backround washington skyline in back city background washington state beautiful city black woman only city skyline on background photo of futuristic cityscape
35,quebec quebec quebec quebec quebec quebec quebec quebec quebec quebec quebec quebec chateau frontenac montreal by raymond normand citadel colour studar cachette by martin desjardins inspired by raymond normand bouche couverte sang cities flourishing by eric deschamps
36,lake surrounded by trees and mountains banff national park mountain lakes spectacular rocky mountains lake blue mountain lake mountains and lakes british columbia lakesidir mountains teal landscape rocky mountains and river rocky mountains blue and green water puddl of turquoisir water clear blue water crystal clear blue water beautiful lake beautiful lake background
37,wooden dock mountain lake banff national park beautiful lake mountains and lakes beautiful lake background photo of lake on sunny day mountain lakes lake blue rocky mountains and river beatiful mountain background lake background canado beautiful lake in the foreground lake lake between mountains mountain water moutains
38,canadian flag flying over city skyline british columbia canadiar maple leaves vancouver canado by ancell stronach inspired by thomas furlong inspired by louise catherine breslau inspired by martin desjardins inspired by william crosbie national geography regionalism inspired by yves tanguay inspired by manjit bawa
39,lighthouse on cliff overlooking the ocear lighthouse wlop hdr photo taken with ektachromir shutterstock contest winner hdr photography light house british columbia hdr photograph landscape tone mapped maritime pacific northwest coast high dynamic range color high dynamic range onir point light highly detailed hdr quebec
40,flag flying high abovar mountain range canado large rocky mountain large mountain moutains mountains background beatiful mountain background canadiar maple leaves beautiful border tall mountain country massive mountains giant imposing mountain flag sweaty mountain large mountains in back hills and mountains mountains in background dramatic mountain background mountain background
41,city skyline at night toronto city the city of toronto toronto entertainment district beautiful city cn tower cool skydome skydome city reflection by andrew domachowski by manjit bawa city skyline canado citi flourishing city reflections magical city beautiful city of the future colorful city beautiful cityscape background
42,road winding through the woods near body of water coastline trees and cliffs color aerial photo drone dronir photograph hills and ocear rocky coast quebec coastal cliffs road to the canado landslidir road ocear cliff view treacherous road widir aerial shot erosion coast aerial photography dronir photography high cliff
43,city skyline with lake and large city the city of toronto toronto city toronto dronir view of city cn tower skyline view from rooftop super wide view of cityscape aerial shot from the drone drone photo skydome bird eye view of city dronir photograph city panorama entertainment district
44,large blue lake lake blue banff national park mountain lake mountain lakes lakesidir mountains canado spectacular rocky mountains mountains and lakes beautiful lake blue wall photo of lake on sunny day mountainous mountain water moutains rocky mountains and river behind that turquoisar mountains rocky mountains sapphire waters below
45,the toronto skyline at sunset toronto city the city of toronto toronto beautiful city entertainment district canado cn tower cool skydome stacked city ice city in beautiful city of the future city reflection large city magical city huge city city skyline city background skydome fantasy city background
46,group of canoes canoe small canoes banff national park canado mountain lake beautiful lake background beautiful lake mountains and lakes on boat on lake paddle of water boat in river mountain lakes in the middle of lake photo of lake on sunny day lake background
47,cobb street in the old town of quebec quebec narrow and winding cozy street montreal restaurant avec unir terrasse liege sloped street built on steep hill in city with rich history long winding stairs going down studar cachette belgium city street view background stairway staircás stairway
48,plane flying over body of water flying over the ocear flying rocky island canado and grey trim british columbia soaring through the sky canadiar maple leaves aerial photography realistic aircraft flight haido speedy aircraft langoliers haido gwaii plane soaring airplanar in the sky aerial footage
49,deer standing on the sidir of mountain beatiful mountain background banff national park mountains background stunning naturar in background nature background deers drinking water in the lake rocky mountains and river large rocky mountain mountainous background beautiful landscape background beautiful lake background amazing landscape in background mountain background background mountains landscape background
50,train track canado canadiar maple leaves british columbia banff national park national geographical national geography by ancell stronach national geography photography shutterstock contest winner inspired by thomas furlong beautiful border country large rocky mountain regionalism canado cottagecore spectacular rocky mountains
51,canadiar flag flying in front of parliament canado canadiar maple leaves by ancell stronach parliament the centre cannot hold capital of pride country inspired by louise catherine breslau official government photo flag national geographical by manjit bawa cottagecore canado
52,niagara falls niagara niagara falls niagara falls niagara falls niagara falls niagara falls niagara niagara falls waterfalls and lakes lakes and waterfalls several waterfalls multiple waterfalls waterfalls in the background beautiful stunning waterfall huge waterfalls waterfall falling into lake ancient ruins and waterfalls water falls waterfalls high waterfalls
53,canado flag flying over the city of ottawa quebec canado chateau frontenac canadiar maple leaves montreal country capital of pride by ancell stronach beautiful border inspired by henry carr beautiful city beautiful city black woman only loving athmosphere parliament inuk inspired by pat oliphant
54,lake surrounded by trees and mountains beatiful mountain background mountains background beautiful mountains beautiful lake background really beautiful forest stunning naturar in background mountains in background nature background background mountains large mountains in back beautiful forest banff national park rocky mountains and river nature utopia mountain lake mountain background canado
55,canadian flag flying in the sky canadiar maple leaves canado by ancell stronach flag by andrew domachowski defence by manjit bawa inspired by louise catherine breslau flag canado country shutterstock contest winner inspired by ancell stronach beautiful border vexillology cad
56,lake surrounded by trees with fall colors autumn background the fall season autumn season fall foliage colorful autumn trees fall vibrancy fall season autumn forest forest colors vibrant autumn colors coniferous forest new hampshire autum autumn tranquility vermont fall colors beautiful forest colorful trees autumn vibrant nature scenic colorful environment
57,lynx is walking through the leaves young lynx lynx anthropomorphic lynx wildlife chonker cat big cat gaturro intercrossed animal bobcat standing alonir on log large horned tail tabaxi hybrid animal feline cat pelt cat awesome cat fur visible animal fur with mud
58,duck swimming in lake gooseman canado canadiar with funny hat cute cosmic canado goós ryar gosling fused with subject duck quak wildlife duck aviar birb white neck visible detailed duck frank dicksee in lake
59,canado travel guide canadiar maple leaves canado national geographical british columbia canado cottagecore fitness body photo print travel ad ad image thai maple syrup thailand cottagecore national geography by ancell stronach loving athmosphere youtube thumbnail travel guide thawan duchanee
60,mora lake mora lake mora lake mora lake mora lake mora lake mora lake mora lake mora lake mora banff national park mountain lake lakesidir mountains mountains and lakes mountain lakes spectacular rocky mountains rocky mountains and river british columbia beautiful mountains beautiful lake background scenic mountain setting rocky mountains
61,city skyline vancouver city reflection city reflections modern city background city background ice city in city light reflections entertainment district canado toronto city urr city background beautiful city british columbia beautiful cityscape background beautiful city of the future beautiful city black woman only fantasy city background seattle
62,view of the city skyline toronto city cn tower the city of toronto toronto towering over city taller thaber skyscraper tall building tall skyscraper gigantic tower two giant towers colossal tower canado tall metal tower tall structur entertainment district big towers km tall stacked buildings tall tower
63,calgary canado the best city in canada toronto city city skyline on background city skyline urr city background yeg super wide view of cityscape city background toronto urr skyline citi flourishing towering over city modern city background beautiful cityscape background city street view background minneapolis as background capital city city landscape
64,man in blue jacket folklorico canado quebec peoplir dancing in background salsa dancing capoeira danza azteca dancers people dancing fat latin woman dancing mexicar folklore round dance beautiful border indigenous dancing peoplir tourism africar canadiar folklore latino colombia parliament dance hall background tribal dance
65,the best cities in canado for hong toronto city the city of toronto toronto ice city in canado inspired by patrick brown by ancell stronach inspired by brenda chamberlain inspired by louise catherine breslau citi clown world africar canadiar inspired by pat oliphant photograph taken in
66,view of the city from hill ecovillage orkney islands small town surrounding town background gnoll low res medieval castle on background with rolling hills small town distant town in valley and hills farm land farms villages townscape township landscape scenery farmland willow trees strathmorir lowr
67,rocky beach giant rocks large rocks rocks tall big rocks rock formations crazy looking rocks giant towering pillars big rocks rock arches the rock is in the gigantic pillars jagged rocks high rocks epic land formations erosion floating rocks haido gwaii wet rocks white rocks made of bone
68,city street toronto city the city of toronto toronto entertainment district cities flourishing canado stacked buildings stacked city inspired by henry carr city background buildings two giant towers city of towers city street view background in city with rich history the hard and strong buildings city scenir merchant street
69,man holding canadian flag on top of mountain canado banff national park shutterstock contest winner british columbia canadiar maple leaves national geography photography instagram contest winner beautiful border national geography large rocky mountain by ancell stronach moutains tourism by andrew domachowski cottagecore country national geographical
70,group of peoplir hiking up mountain hiking in rocky mountain banff national park large rocky mountain beatiful mountain background moutains mountain valley mountains background in mountain valley tall mountain mountain scenir mountain range scenic mountain setting mountains in background time to climb the mountain path on deep forest peak mountainscape
71,mountain lake banff national park canado rocky mountains and river spectacular rocky mountains beautiful lake lake blue mountain lake beatiful mountain background petrol beautiful mountains mountains and lakes moutains blue wall photo of lake on sunny day beautiful lake background mountain water mountain lakes rocky mountains defence
72,col of whale bear and bear jumping out of the water flying giant animals many wild animals wildlife documentary dynamic comparison wild animals wildlife preservation animal world killer whale megafauna animal transformation they are chasing whale nature show animals ruling the world nature documentry footage
73,lake surrounded by mountains and trees lakesidir mountains banff national park mountains and lakes mountain lakes rocky mountains and river mountain lake spectacular rocky mountains lake blue rocky mountains scenic mountain setting breathtaking mountains beautiful mountains lake between mountains spectacular mountains mountain range teal landscape british columbia mountain water behind that turquoisar mountains
74,large crowd of peoplir gathered in city square music festival festival festival scenic view at night huge crowd on drugs beatiful lights live concert lighting giant crowd city lighting huge crowd live concert sunset ligthing crowd of peoplir concert live concert of beyonce many people worshipping massive crowd summer festival night
75,large ship in the ocear with large ship in the background oil rig oilpunk oilfield scenar oil petrol energy oily substanz black oil st lenhag petroleum vitamin insidir dark oil deep environment large environment petro mechanical superstructure realistic mega structure undersea environment gipf project
76,group of peoplir kaying on lake alpine climate alpes mountain lake with snowy mountain and ice mountains surrounding beatiful mountain background mountain lakes mountains and lakes mountainous background lakesidir mountains mountainous setting grand majestic mountains alps swiss alps mountains background large mountains in back canoe british columbia
77,view of the toronto skylinar from the water toronto city the city of toronto toronto cn tower citi flourishing entertainment district beautiful city skyline showing in city with rich history harbour inspired by henry carr towering over city city skyline super wide view of cityscape highrise buildings skydome stacked city
78,body of water rocky mountains and river banff national park mountains and rivers glacier large rocky mountain glacier landscape beatiful mountain background spectacular rocky mountains lake between mountains mountain lake mountain valley montán large mountains in back mountains background mountains and lakes glacier coloring glacier national park gorge in the mountain canado
79,lake surrounded by mountains and trees banff national park beatiful mountain background mountains background canado beautiful mountains lakesidir mountains spectacular rocky mountains mountains and lakes mountain lake beautiful lake background rocky mountains and river scenic mountain setting background mountains mountains in background mountainous background mountainscape large mountains in back
80,large blue lake lake blue banff national park mountain lake beautiful lake background teal landscape blue and green water blue wall mountain lakes beautiful lake clear blue water mountains and lakes lake background blue waters puddl of turquoisir water light blue water green waters blue water canado blue tone
81,woman in greenhouse with tomatoes hydroponic farms vertical vegetable gardens gardir utopia insidir tall vetical room tomatoes hanging on branches the empress swirling gardens human farm huge greenhouse wild berry vines tomatoes greenhouse swirling gardens swinging on vine over chasm ivy vines green house
82,river running through city quebec montreal beautiful city canal capital city parliament magical city canado citadel colour habitat background channel scenic view of river tham river in city with rich history giant river city of pristine colors cities flourishing beautiful cityscape spring season city great river
83,view of the city skyline from the top of the hill toronto city the city of toronto toronto cn tower city birds eye view view from helicopter dronir view of city very beautiful aerial shot beautiful city bay skyline showing island background helicopter view bird eye view of city birds eye view
84,canadian flag flying in the air over city toronto canado the city of toronto toronto city defence flag blue wall canadiar maple leaves wall cad beautiful border country petrol bc by ancell stronach cn tower
85,the toronto skylinar from the water toronto city the city of toronto toronto ice city in modern city background large city chicago skyline fully built buildings lots of building city background city skyline huge city full of high buildings chicago singapore urr city background stacked buildings bay
86,dog running in the snow wolf in snowfield photo of wolf wildlife dark grey wolf wolf companion black wolf black wolf guarding wolves and their treasures dire wolf blue wolf prey her friend the cunning coyote wolf hyena dark grey wolf donnell chupacabra wolf like human
87,lake surrounded by trees and mountains beautiful lake background banff national park beautiful lake beatiful mountain background lake blue mountain lake canado beautiful lake in the foreground mountains background rocky mountains and river lake background stunning naturar in background beautiful mountains mountains and lakes nature background teal landscape spectacular rocky mountains
88,toronto skyline at sunset toronto city toronto the city of toronto canado which show beach at sunset beautiful city bay entertainment district cn tower city sunset cottagecore beautiful city black woman only city background skyline showing large city city skyline ice city in city background in silhouette
89,lake surrounded by trees and mountains beautiful lake background lake blue beautiful lake photo of lake on sunny day mountain lake lake background banff national park teal landscape canado rocky mountains and river mountains and lakes beatiful mountain background nature background blue wall nature utopia beautiful lake in the foreground
90,the view from the water toronto city the city of toronto cn tower toronto beautiful city black woman only beautiful city entertainment district city in backround cool skydome skydome stock footage by ancell stronach panoramic photography degreir view full of high buildings skyline showing highrise buildings
91,painting of lake with mountains in the background banff national park panoramic photography mountain lakes coniferous forest mountainous background whistler panoramic widescreen view soft focus matte painting natural landscape background beautiful lake background landscape scenery mountains surrounding mountains and lakes lush scenic landscape spectacular rocky mountains inspired by maxwell gordon lightfoot
92,large lake canado canadiar maple leaves country beautiful border cottagecore flag defence petrol british columbia blue wall loving athmosphere flag green flag by ancell stronach cottagecore fitness body may canado cad national geographical quebec banff national park
93,large group of peoplir sitting at table restaurant avec unir terrasse busy restaurant restaurant in background peoplir sitting at tabl at the terrace rooftop party festival scenic view at night restaurant restaurant terracir in future airport rooftop restaurant peoplir outside eating meals city rooftop outdoors setting monaco
94,the sky is blue toronto city the city of toronto toronto cn tower citi flourishing entertainment district canado towering over city inspired by henry carr super wide view of cityscape in city with rich history the hard and strong buildings stacked city beautiful city tall tower city skyline highrise buildings
95,snowy scenir of town with church on top chateau frontenac quebec montreal edinburgh castle utrecht citadel castle on the background background basilico sacrir coeur castlir in the background red castle in background castlir in background liege mountains and huge old city canado city background beautiful castle
96,view of the mountains from the top of the mountain snowy mountain background mountains surrounding snowy mountain landscape mountainous background mountainous setting snowy mountain beatiful mountain background scenic mountain setting with snowy mountain and ice grand majestic mountains majestic snowy mountains snowy mountains mountain background mountainous terrain dramatic mountain background
97,train traveling down the tracks in the mountains british columbia train grand majestic mountains washington traveling through the mountains railroad alaska rails scenic mountain setting train far railway beatiful mountain background large mountains in back washington state trains in the background beautiful mountains behind mountain background large rocky mountain mountains background trains
98,toronto skyline at sunset toronto city the city of toronto toronto entertainment district cn tower citi flourishing towering over city city skyline canado super wide view of cityscape stacked city beautiful city highrise buildings beautiful cityscape background national geography photography cool skydome modern city scape skyline showing
99,city street digital billboards digital billboard in the middle large commercial led screens electronic billboards giant led screens entertainment district large viewscreens billboard image giant video screens large led screens commercial billboard toronto city advertising lighting the city of toronto advertising billboard neon billboards giant red led screens large scalir photo digital advertisements
100,canadian flag flying in the air over mountain range canado canadiar maple leaves by ancell stronach british columbia banff national park beautiful border large rocky mountain country moutains cottagecore shutterstock contest winner national geography flag national geographical spectacular rocky mountains national geography photography mountains and lakes
101,emerald emerald emerald emerald emerald emerald emerald emerald emerald emerald emerald emerald emerald emerald emerald emerald emerald emerald emerald emerald emerald lake blue beautiful lake background beautiful lake blue and green water photo of lake on sunny day lake background mountain lake teal landscape british columbia canado clear blue water blue wall beautiful water green waters
102,large body of water cn tower toronto city the city of toronto toronto skydome cool skydome towering over city towering travel upwards panoramic photography skyline showing highrise buildings flying in the air over city airplane in the sky large scalir photo tall tower towering over your view hdr photograph
103,pool in the snow japanese onsen spa above lush gardir and hot spring luxurious onsens onsen snow monkeys at the mountain spa beautiful winter area hot tub great wolf wellness pool health spa and meditation center dream pool warm beautiful scenar bubbling cauldron in the winter psychedelic ski resort
104,truck parked in the snow military base military outpost military vehicles military canado chrome military base military equipment border humvee guantanamo bay prison military camp in the background military buildings detention centre operation insidir futuristic army base military police us army bastion barracks miltary militarism
105,niagara falls in niagara ontario niagara falls beautiful stunning waterfall river flowing with waterfall waterfall beautiful beautiful waterfall waterfalls and lakes with waterfalls and river lakes and waterfalls scenic view of river water fall huge waterfalls really beautiful nature peaceful beautiful waterfall with waterfalls with waterfalls vibrant water river high waterfalls
106,niagara falls in niagara ontario niagara falls waterfalls and lakes river flowing with waterfall beautiful stunning waterfall huge waterfalls lakes and waterfalls inspired by henry carr multiple waterfalls several waterfalls ancient ruins and waterfalls cascading waterfalls panoramic photography national geography photography high waterfalls waterfalls in the background white water rapids huge waterfall
107,tent is lit up in the night sky dramatic aurora borealis aurora borealis northern lights background aurora borealis on background aurora borealis in the sky with aurora boreali in the sky aurora in the sky northern lights aurora petrol in colorful tent beatiful vivid lights beatiful lights camping colourful lighting
108,boat is in the water near city toronto city the city of toronto toronto cn tower canado towering over city entertainment district beautiful city taller thaber skyscraper beautiful city black woman only stacked city large city huge city city skyline cottagecore cool skydome skyline showing
109,group of peoplir sitting at bar group sit at table with long white wine holding glass of wine drinking wine holding glass of wine wineglass river of wine scenir from dinner party peoplir at the table enjoying glass of wine wine cellar full of food white wine bottle wine glass white table
110,view of city with castle in the background quebec chateau frontenac montreal citadel canado magical city citadel colour beautiful castle beautiful city victorian city castl studar cachette gigantic castle large city victorian castle epic castle tourism bouche couverte sang parliament universal background
111,city street with mountain in the background vancouver snow capped mountains icy mountains in the background icy mountains snowy mountain background mountains and huge old city british columbia snowy peaks with snowy mountain and ice snowy mountains mountains in background majestic snowy mountains canado stacked city snowy mountain beautiful mountains behind
112,woman standing on rock overlooking lake banff national park spectacular rocky mountains beatiful mountain background canado mountains background rocky mountains and river rocky mountains beautiful mountains beautiful mountains behind beautiful lake background mountainous background rocky mountains in background large rocky mountain mountains and lakes large mountains in back lakesidir mountains
113,house with lot of land in the background molten metal house derelict architecture buildings south azusa avenue passive house abandoned derelict buildings hiddir tiny houses dilapidated house ecovillage sharp focu on hoús iron bark earthship better homes and gardens urr house
114,toronto skyline at sunset toronto city the city of toronto toronto cool skydome city reflection panoramic photography city reflections beautiful panoramic imagery skydome cn tower ice city in image split in half sharp hq rendering stacked city towering over city super wide view of cityscape beautiful city
115,two red chairs sitting on the shore of lake canado banff national park cottagecore beatiful mountain background mountains background sitting in front of lake mountains in background moutains beautiful mountains behind beautiful mountains large rocky mountain large mountains in back mountains at background background mountains mountains and lakes
116,street with buildings and cars on it streetscap budapest street background narrow streets outdoors european cityscape crowded street crowded street gothic quarter busy streets cobblestonir street traveling in france splendid haussmann architecture sloped street street of heidelberg trip to legnico city street view background citi flourishing
117,man standing on rock overlooking lake banff national park mountains and lakes rocky mountains and river lake blue lake between mountains beautiful lake background photo of lake on sunny day mountain lakes mountain lake endless lake stunning naturar in background standing in lake parks and lakes amazing landscape in background
118,city skyline at sunset beautiful cityscape background stockholm city city in backround city background toronto city the city of toronto outdoors european cityscape berlin city paris city city skyline in the backround city twilight landscape background basilico sacrir coeur city scape new york city background chateau frontenac winnipeg skyline
119,mountain lake surrounded by forest banff national park spectacular rocky mountains rocky mountains and river british columbia large rocky mountain rocky mountains mountain lakes mountains and lakes lakesidir mountains scenic mountain setting mountains and rivers spectacular mountains vast mountain landscape grand majestic mountains mountain lake mountainous setting mountain ranges
120,large building parliament the houses of parliament hoús of parliament canado the centre cannot hold capital sitting at the parlament meeting capitol building big clock capital city classified government archivar big ben capitol hill cwc futuristic government chambers government archive dictatorship monumental defence capital of pride official government photo
121,snowy scenir with snowy village and mountain psychedelic ski resort psychedelic ski resort beautiful winter area great wolf snow forest skiing forest white trees lapland snowy snowy peak grey forest in the background winter forest winter wonderland black forest in snowy forest setting snowy mountain high snow snowy trees
122,lake with mountains in the background banff national park beatiful mountain background spectacular rocky mountains mountains background beautiful mountains large rocky mountain lakesidir mountains grand majestic mountains mountain range background mountains mountains and lakes spectacular mountains mountain background mountains in background large mountains in back dramatic mountain background canado beautiful mountains behind
123,large building with clock on top canado parliament the centre cannot hold capital city the houses of parliament classified government archivar canadiar maple leaves capital capital of pride country cottagecore government archive hoús of parliament cad tourism defence quebec the city of toronto toronto city national geographical
124,city with lake and mountains in the background vancouver british columbia parks and public space tropical coastal city coastlín citi flourishing waterfront hoús super wide view of cityscape coastline long beach background beautiful city coast as the background tall buildings in background entertainment district beautiful cityscape
125,man in suit and tie standing in front of crowd goldir hour photography it is sunset light leaks which show beach at sunset aerial spaz with sunset with sunset magic hour photography sunsest goldir hour sun sunset sunset sunrise sun risir goldir hour photograph photo realostic
126,river with boats and buildings in the background parliament canado inspired by henry carr capital city by ancell stronach in city with rich history national geography photography the houses of parliament by martin desjardins quebec by andrew domachowski canadiar maple leaves national geographical by manjit bawa toronto city
127,toronto skyline from lake ontario the city of toronto toronto city toronto towering over city city skyline on background cn tower tall buildings in background stacked city two giant tower emphasis on tall buildings stacked buildings tall tower tall buildings on the sides canado photo gigapixel skyline showing
128,row of colorful hoús on the water waterfront houses quebec cottage town peaked wooden roofs colorful buildings citi flourishing brightly colored buildings white buildings with red roofs wood pier and hoús port scenir background maritime sunlight and whimsical houses wooden buildings bustling magical town harbour in background citadel colour harbour colorful hoús
129,vancouver skylinar at sunset vancouver city reflection city reflections british columbia beautiful city modern city background canado city background city light reflections city skyline urr city background beautiful cityscape background cityscape city in backround city skyline on background skyline showing city of goldir shadow city background in silhouette goldir cityscape urr skyline
130,view of the city from the water vancouver entertainment district cool skydome skydome biodome british columbia geodesic domes geodesic building glass domes with shiny glass buildings geodesic dome cwc canado neon city domes beautiful city geodesic architecture viewed from the ocear
131,person with red umbrella and white shirt canadiar maple leaves back of head canado bald patch mullet haircut mohawk haircut balding fashionable haircut canadiar with funny hat back of the hair mullet great red feather flag in his right hand cool hair mullet long haircut maple syrup highlights
132,view of the city skyline from the water toronto city toronto the city of toronto cn tower towering over city taller thaber skyscraper tall building canado entertainment district tall skyscraper stacked buildings tall metal tower gigantic tower tall tower two giant towers stacked city tall structur towering
133,lake with mountain in the background beautiful lake background photo of lake on sunny day beautiful lake lake background lake blue mountain lake in lake within lake lake setting mountains and lakes lake on lake beatiful mountain background on the calm lake sitting in front of lake beautiful water
134,the city of vancouver is sear from the air british columbia vancouver canado canadiar maple leaves beautiful city entertainment district harbour cities flourishing inspired by thomas furlong maple syrup whistler loving athmosphere beautiful city black woman only vancouver school ice city in cool skydome long beach background
135,snowy night in the town of stowe winter park background night time city background beautiful small town british street background in city street at night dark winter evening snowfall at night town background city street at dusk night setting street at night night time city background burried in snow at night on street at night
136,the view from the top of the empire tower in central park spring season city colorful trees parks and lakes autumn background scenic colorful environment colorful autumn trees city of pristine colors new york city background grassy autumn park outdoor montreal park background beautiful cityscape background vibrant autumn colors really beautiful forest parks and gardens
137,toronto skyline at dusk toronto city the city of toronto toronto cn tower towering over city cool skydome skydome entertainment district tall tower canado citi flourishing emphasis on tall buildings tall structur two giant towers stacked city taller thaber skyscraper stacked buildings city beautiful city
138,painting of castle in the middle of city chateau frontenac hogwarts castle hannover city of munich disney land hogwarts high fantasy castle medieval castle on background munich vienna city outdoors european cityscape berlin city prague parliament florence gothic baroque citadel castl germany gothic castle in background austria
139,person holding bagel in front of store holding mesh bag with bagels holding baguette bouche couverte sang luscious with sesame seeds dog eating croissants in pari voluptuous sesame seed bun bagels northern france inspired by eug ne boudin pastelle luscious patty with sesame seeds
140,view of the forest from hill colorful trees forest colors autumn forest full of colorful vegetation really beautiful forest nordic forest colors colorful autumn trees beautiful forest fall foliage colorful vegetation vibrant autumn colors vibrant foliage vermont fall colors beautiful forests and trees swedish forest coniferous forest flaming forest of trees
141,hot pool spa whistler wellness pool onsen above lush gardir and hot spring bathhouse poolroom luxurious onsens japanese onsen magma pool magma cascad small wellness relaxation pool british columbia stands in pool of water swimming pool in front bubbling cauldron
142,bicycle parked against wooden fence canado defence canadiar maple leaves cottagecore picture of male biker cottagecore fitness body hoffman bicycle trip country cad tour france cottagecore hippie toronto petrol flag bicycle may
143,bridge over river with blue sky widir angle lens photography degreir view fisheye lens photography downtown jacksonville florida curvilinear architecture fisheye lens photo fisheye photo canary wharf photo mm panoramic photography widir lens photography city reflections widir angle photography
144,canadian flag flying in the wind near lake canado canadiar maple leaves cottagecore british columbia beautiful border by ancell stronach country flag national geographical defence banff national park shutterstock contest winner national geography photography greir flag national geography quebec blue wall canado flag
145,city skyline at night toronto city the city of toronto toronto night time city background entertainment district night time city background night city background stacked city city at night modern city background city skyline city background stacked buildings canado beautiful city beautiful city of the future huge city night lifir buildings
146,canadian flag canado canadiar maple leaves flag defence africar canadiar beautiful border flag flag in his right hand great red feather british columbia by ancell stronach patriotism flag in hands bc maple syrup patriotic on the deck of ship leave patriotic blue wall indigenous
147,toronto canado with the city skylinar in the background toronto city the city of toronto toronto travel guide youtube thumbnail entertainment district canado tourism travel ad trending on attestation worst placir to live in europe can
148,lake surrounded by trees and mountains canado beautiful lake coniferous forest beautiful lake background petrol mountain lake banff national park lake in the forest really beautiful forest beatiful mountain background moutains photo of lake on sunny day lake background lake blue mountains and lakes beautiful forest
149,canadian flag flying in the wind canado canadiar maple leaves defence flag petrol country wall by ancell stronach cad canado blue wall leave beautiful border capital of pride maple syrup bc inspired by ancell stronach
150,lake with mountain in the background banff national park by ancell stronach spectacular rocky mountains mountain ranges mountains surrounding mountain lakes hiking in rocky mountain god creation rocky mountains mountainous background moutains lakesidir mountains mountainous areo mountainous group of sevar national geography photography grand majestic mountains
151,two peoplir are skating on frozen lake banff national park empty snow field ice carving glaciers and ice and snow canado frozen lake with snowy mountain and ice spectacular rocky mountains snow field rocky mountains walking on ice travel ad frozen landscape icy lake setting winter wonderland leisure activities
152,city skyline with large body of water toronto city the city of toronto toronto cn tower towering over city entertainment district cities flourishing skydome cool skydome canado stacked city super wide view of cityscape city skyline skyline showing beautiful city in city with rich history inspired by henry carr
153,lake with mountain in the background puddl of turquoisir water blue and green water greenish blue tones azure blue water light blue water turquoise water clear blue water crystal clear blue water floating greenish blue panoramic photography green and blue colour palette teal sky greenish blue tón teal landscape
154,large body of water vancouver entertainment district colourful lighting vibrant city lights beatiful vivid lights vibrant lights city of pristine colors colorful city colored spotlights beautiful colorful lights cool skydome bright vivid lighting beatiful lights neon city domes vivid lights night time bright neon lights from the city beautiful city
155,river with rocks and trees in the background rapids forest and river river stream great river white water rapids river rapids river in forest wisconsin massive river waterfalls and lakes with river running through it with trees and rivers how river river flowing with waterfall with waterfalls and river river with stunning water
156,vancouver skylinar at night vancouver british columbia city reflection city reflections city light reflections toronto city citi flourishing incredible reflections with shiny glass buildings entertainment district brilliant reflections seattle ice city in city docks the city of toronto detailed reflections many reflections smooth reflections high reflections
157,focu on canada immigration vancouver british columbia canado national geographical national geography great migration stylized border integration displacement by ancell stronach inspired by pat oliphant website banner border national geographics borders inspired by manjit bawa interconnections inspired by maxwell gordon lightfoot
158,lake with mountain in the background banff national park panoramic photography mountains surrounding lakesidir mountains mountainous background spectacular rocky mountains grand majestic mountains mountainous setting group of sevar panoramic widescreen view mountain ranges national geography photography vast mountain landscape scenic mountain setting widir panoramic shot mountainous terrain mountains and lakes
159,lake surrounded by mountains blue wall lake blue mountain lake lakesidir mountains mountain lakes banff national park mountains and lakes canado mountain water moutains beautiful lake spectacular rocky mountains beautiful mountains petrol mountain range beatiful mountain background mountainous areo mountain valley large mountains in back blue image mountainous
160,lake with mountain in the background banff national park british columbia spectacular rocky mountains coniferous forest rocky mountains and river mountains and lakes scenic mountain setting large rocky mountain cottagecore mountain lake lakesidir mountains mountains background spectacular mountains mountainous setting log houses built on hills log homes mountain lakes
161,red house on the shore of body of water small scandinaviar hoús the rock is in the cottagecore island background orange roof island in blue flying rocky island isolated beautiful landscap small houses unusual place tiny house hut small buildings huts flooded fishing village stacked hoús
162,boat is in the water with city in the background toronto city the city of toronto toronto cn tower inspired by henry carr cities flourishing canado towering over city tall tower entertainment district skydome the hard and strong buildings cool skydome in city with rich history by manjit bawa
163,view of toronto skyline toronto city the city of toronto toronto cn tower canado towering over city taller thaber skyscraper beautiful city entertainment district stacked city ice city in huge city large city beautiful city black woman only city skyline concrete jungle modern city background
164,boats on the water small canoes canoe banff national park mountains and lakes mountain lake cottagecore mountain lakes parks and lakes cottagecore fitness body boreal forest lake between mountains beautiful lake mountains and rivers cottagecore british columbia lake scenir canado
165,mountain range banff national park mountainous setting large rocky mountain grand majestic mountains glacier landscape mountainous large mountains in back beatiful mountain background scenic mountain setting mountainous areo mountain scenir majestic snowy mountains large mountain beautiful mountains spectacular rocky mountains mountain lake moutains temer to climb the mountain path
166,group of peoplir sitting around table eating the table is full of food group sit at table long table over dish and over table peoplir at the table restaurant overflowing feast buffet table restaurant dnd last supper offering plate of food food focu restaurant busy restaurant dinner table dining table
167,white bowl with salad in it salad and white colors in scheme food focu salad styled food photography food photography food photography oliv professional food photography hd food photography bacon lettucir and tomato trendy food food photography award winning crisp detail crisp detail food photography
168,the water is calm winnipeg skyline drumheller yeg in city with rich history capital city prairie in background super wide view of cityscape downtown in the distance scenic prairie in background city skyline city panorama entire city in view hoffman bicycle trip skyline showing buildings in the distance parks and lakes
169,road in the middle of forest road to the corduroy road maple syrup road leading to the lighthouse fall colors fall foliage sprucir trees on the sides new hampshire quebec hilly road road betwear tall trees in fall beginning of autumn vermont fall colors the road color highway autumn mountains
170,toronto skyline at sunset toronto city the city of toronto toronto cn tower entertainment district canado towering over city beautiful city ice city in cool skydome large city taller thaber skyscraper city skyline beautiful city black woman only skydome huge city stacked city city of towers
171,man and woman walking on path man and woman walking together silhouett in field behind city background in silhouette goldir hour goldir hour peoplir running running yeg downhill landscape walking at the park sunny landscape nature and clouds in background running in saván goldir hour scenir
172,mountain with lake fjords fjord norway fjord norway mountains fjords in background norway fjords mountain range blue wall lakesidir mountains beatiful mountain background mountains and ocear norwegiar landscape northern finland alaska mountains and oceans beautiful mountains large mountains in back scandinavia
173,lake surrounded by trees and mountains banff national park spectacular rocky mountains rocky mountains and river british columbia lake blue mountain lake canado rocky mountains mountains and lakes beautiful mountains mountain lakes large rocky mountain mountains and rivers lakesidir mountains beautiful lake large mountain moutains mountain water grand majestic mountains
174,trail leading to the top of mountain banff national park hiking in rocky mountain glacier landscape temer to climb the mountain path autumn mountains british columbia dramatic mountain background glacier national park scenic mountain setting alpine climate beatiful mountain background hiking trail large rocky mountain mountain scenir mountainous background grand majestic mountains
175,the city skyline is sear from the air panoramic photography which show beach at sunset beautiful cityscape background goldir hour photography portland oregon goldir hour photograph washington state the city of santa barbara pacific northwest coast national geography photography washington seattle sunsest goldir hour city twilight landscape sunset panorama hdr photography
176,city skyline ice city in yeg entertainment district skyline view from rooftop beautiful city city views distant rocky mountains urr skyline city skyline large rocky mountain city background super wide view of cityscape cool skydome skydome spectacular rocky mountains large city skyline showing
177,the red team at the start of the racir red cross the color red wearing red attirar canadiar maple leaves colors red by ancell stronach color red all red only with red great red feather red power fully clothed in red robes only red colour red jumpsuit holding red banner red colour palette
178,large building with clock on top of it parliament the houses of parliament canado hoús of parliament capital city capitol hill by ancell stronach canadiar maple leaves quebec by manjit bawa capital of pride capitol building the centre cannot hold government archive big ben british columbia by martin desjardins
179,toronto skyline from lake ontario toronto city the city of toronto toronto cn tower towering over city citi flourishing entertainment district city skyline highrise buildings skydome skyline showing tall tower city skyline on background tall buildings on the sides super wide view of cityscape beautiful city stacked city tall buildings in background
180,lake with mountain in the background banff national park teal landscape mountain lakes mountain lake mountains and lakes lakesidir mountains beautiful lake background scenic mountain setting pristine water natural landscape beauty blue and green water lake blue mountainous background vast mountain landscape beautiful lake spectacular rocky mountains british columbia beautiful scenic landscape
181,the skyline of boston massachusetts boston massachusetts boston cities flourishing beautiful cityscape background modern city background city skyline city skyline on background city background towering over city super wide view of cityscape modern city scape in city with rich history urr city background new england architecture fantasy city background detailed city background
182,canoeing in the mountains banff national park photo of lake on sunny day canado british columbia mountains and lakes mountain lake mountain lakes beautiful lake background beautiful lake lake blue waterfalls and lakes pristine water rocky mountains and river beautiful lake in the foreground lakes and waterfalls spectacular rocky mountains
183,boat traveling down the river in front of large building quebec habitat background parliament canado habitatir background ship on lake by martin desjardins habitat habitatir the photo was taken from boat the houses of parliament on boat on lake
184,group of peoplir walking around park academia smithsonian university by sydney prior hall cornell academic pitt dc smithsonian americar art museum mcgill washington dc museum of art artstaion paris school hrd background library library background universal background museum background huge towering magical university royal academy academicism
185,lake with few trees in it banff national park rocky mountains and river british columbia mountains and lakes spectacular rocky mountains mountain lakes scenic mountain setting mountain lake large rocky mountain grand majestic mountains lakesidir mountains rocky mountains mountains surrounding mountainous setting mountains and rivers vast mountain landscape mountainous background
186,body of water vancouver haunted gothic hotel seasidir victorian building vancouver school victoria canado waterfront houses victorian buildings gorgeous buildings british columbia in city with rich history victorian castle stunning grand architecture floating palace victorian city ornate retreat victorian architecture bc chateau frontenac palatial scenir hotel
187,canadian flag flies in front of the canadiar flag on the sidir of building canado flag defence the city of toronto canadiar maple leaves toronto city toronto capital of pride flag country wall vancouver photo of building crumbling by ancell stronach cn tower citi flourishing
