topic,unique_words
0,['climatar']
1,['cascading']
2,['contrasts']
3,"['pad', 'paddling']"
4,[]
5,['africar']
6,"['glaciers', 'izar']"
7,"['show', 'dune', 'umbrella', 'which', 'desert']"
8,"['medieval', 'spir', 'university']"
9,['badlands']
10,"['rope', 'suspended', 'curved', 'metallic', 'lots']"
11,"['bustling', 'merchant']"
12,['bay']
13,['evergreen']
14,"['entertainment', 'wonderland', 'twilight']"
15,"['still', 'dress']"
16,"['stylized', 'sign', 'intricate', 'borders', 'signs', 'blunt', 'capitalism', 'political']"
17,[]
18,"['auroro', 'northen', 'raid']"
19,[]
20,[]
21,['driving']
22,[]
23,"['psychedelic', 'snowboard', 'ski', 'skied', 'skiing', 'chairlifts']"
24,['autum']
25,['studar']
26,"['pier', 'port']"
27,"['architecture', 'art', 'museum', 'ceiling', 'bed', 'room', 'bedroom', 'gallery', 'interior']"
28,"['mediterranean', 'docks', 'long']"
29,"['group', 'paradir', 'parade', 'soldiers', 'gay', 'lgbt']"
30,"['rendering', 'model']"
31,"['overlaying', 'essoldo', 'text', 'voque', 'would', 'words']"
32,"['paulo', 'sao']"
33,"['chase', 'ox', 'horns', 'bison', 'animals', 'buffalo', 'wild', 'hunting', 'horn']"
34,"['completely', 'florida', 'portland', 'northwest', 'wasted', 'away']"
35,"['raymond', 'tanguay', 'giroust', 'deschamps', 'eric']"
36,[]
37,[]
38,"['thomas', 'regionalism', 'furlong', 'fli']"
39,"['maritime', 'horizon', 'point', 'farol', 'barra', 'bold']"
40,['abovar']
41,['your']
42,"['photograph', 'drone', 'michigan']"
43,"['hill', 'from']"
44,"['below', 'sapphire']"
45,"['vista', 'over']"
46,"['rowing', 'on']"
47,"['unir', 'terrasse', 'winding', 'avec']"
48,"['airplane', 'langoliers', 'speedy', 'aircraft', 'plane', 'realistic', 'flight', 'aircrafts', 'aeroplane']"
49,"['deers', 'elk', 'meadow', 'beaver', 'deer']"
50,[]
51,[]
52,"['victoria', 'into']"
53,['historical']
54,"['utopia', 'nature', 'beautiful']"
55,"['leafs', 'barlow', 'supply', 'pot']"
56,['vermont']
57,"['animal', 'half', 'cat', 'grizzly', 'polar', 'bear', 'lynx', 'bears']"
58,"['shoe', 'beak', 'gos', 'gooseman', 'duck', 'eagle', 'cosmic', 'sneaker', 'head']"
59,"['collage', 'poster', 'cover', 'col', 'book', 'corona']"
60,['mora']
61,['fantasy']
62,['two']
63,"['minneapolis', 'as', 'calgary']"
64,"['dancing', 'wearing', 'haido', 'dance', 'shield', 'native', 'totem', 'straw', 'indigenous', 'hat']"
65,"['clown', 'busy', 'patrick']"
66,"['inspiring', 'cathedral', 'murdoch', 'style', 'abbeys', 'kells', 'cathedrals', 'romanesque', 'lovecraft']"
67,"['crazy', 'formations', 'pillars', 'strange', 'alien', 'rocks']"
68,"['hall', 'dense', 'neat']"
69,[]
70,"['steps', 'stairs', 'stairway', 'stone', 'up', 'staircase', 'adventure']"
71,"['hippie', 'naturalist', 'build', 'body']"
72,"['chasing', 'underwater', 'aquarium', 'killer', 'monsters', 'whale', 'submarine', 'they', 'whales']"
73,[]
74,"['outdoor', 'music', 'festival', 'screen', 'concert', 'drugs', 'stage', 'crowd']"
75,"['lobster', 'fish', 'seafood', 'sailing', 'sailboats', 'pearls']"
76,"['kaying', 'doloma', 'alps']"
77,"['altichiero', 'syndrome', 'iacon', 'corporation', 'syndicate', 'cybertron', 'artscape', 'marfan']"
78,"['canyon', 'chasm', 'gorge']"
79,[]
80,['tone']
81,"['idyllic', 'farm', 'vineyard', 'berries', 'tomatoes', 'vines', 'greenhouse', 'flower']"
82,"['canal', 'channel']"
83,"['bird', 'air']"
84,"['schemir', 'accents', 'banners', 'waving']"
85,[]
86,"['cann', 'husky', 'following', 'snowfield', 'sports', 'pack', 'wolf', 'tundra', 'dogs', 'dog']"
87,[]
88,[]
89,[]
90,"['stock', 'footage', 'full']"
91,"['organic', 'matte', 'mattir', 'focus', 'finish', 'soft', 'painting']"
92,"['suburb', 'paved', 'may', 'american']"
93,"['meals', 'cafe', 'coffee']"
94,"['strong', 'is', 'supermar', 'hard', 'suit']"
95,['snowman']
96,[]
97,"['trains', 'rails', 'bullet', 'railroad', 'train', 'railway', 'express']"
98,"['unsplash', 'society', 'cg']"
99,"['screens', 'led']"
100,[]
101,"['emerald', 'highly']"
102,"['dollari', 'di', 'per', 'pugno', 'money']"
103,"['tent', 'glamping', 'pods', 'warm', 'healing']"
104,"['storm', 'heavy', 'snowstorm', 'cozy']"
105,['peaceful']
106,"['rapids', 'several', 'ancient', 'multiple', 'ruins']"
107,"['antartic', 'inuit', 'tents']"
108,[]
109,"['pint', 'advertisement', 'bar', 'drinking', 'beer']"
110,"['sang', 'couverte', 'bouche', 'castl']"
111,"['bench', 'capped']"
112,"['cabin', 'thunberg', 'finland', 'greta', 'swedish']"
113,"['derelict', 'iron', 'dilapidated', 'sharp', 'home', 'abandoned', 'bark', 'focu', 'suburr']"
114,['manjit']
115,"['comfy', 'picnic', 'chairs', 'lunch', 'throne', 'chair', 'breakfast']"
116,"['lviv', 'france', 'belgium', 'budapest', 'pari', 'crowded']"
117,"['edge', 'amazing', 'fence']"
118,"['sacrir', 'london', 'coeur', 'berlin', 'windows', 'basilico', 'window', 'paris']"
119,[]
120,"['capitol', 'meeting', 'archivar', 'dictatorship', 'parlament']"
121,"['mount', 'area']"
122,[]
123,['godray']
124,"['william', 'public', 'crosbie', 'space', 'low', 'res']"
125,"['kauai', 'towards']"
126,"['andrew', 'domachowski']"
127,['vertigo']
128,"['peaked', 'wooden', 'whimsical', 'brightly', 'row']"
129,"['reflective', 'australia']"
130,"['amusement', 'dome', 'cwc', 'domes', 'attractions', 'sphere', 'biodome']"
131,"['olympic', 'gloves', 'glov', 'haircut', 'mullet', 'hair']"
132,"['gigantic', 'metal', 'colossal']"
133,"['patagonian', 'scenar', 'within']"
134,[]
135,"['burried', 'stowe', 'evening', 'snowfall']"
136,"['central', 'fore', 'gardens', 'empire']"
137,"['rs', 'risir', 'emphasis', 'skyscapers']"
138,"['prague', 'vienna', 'austria', 'munich', 'disney', 'hogwarts', 'hannover', 'florence']"
139,"['stalls', 'sesame', 'donut', 'pastry', 'leftover', 'luscious', 'pizza']"
140,"['nordic', 'flaming', 'vegetation']"
141,"['magma', 'wellness', 'gardir']"
142,"['ligjt', 'bike', 'searchlight']"
143,"['canary', 'curvilinear', 'angle', 'jacksonville', 'fisheye', 'lens', 'wharf']"
144,[]
145,"['kong', 'lifir', 'future', 'kowloon', 'hong']"
146,"['patriotic', 'argentino', 'flags', 'argentina', 'hand']"
147,"['attestation', 'airport', 'europe', 'placir', 'worst']"
148,"['swamp', 'birch', 'pond']"
149,[]
150,"['god', 'creation']"
151,"['carving', 'field', 'skating', 'quear', 'empty']"
152,['cities']
153,"['greenish', 'palette', 'azure', 'tones', 'turquoise']"
154,"['vivid', 'colored', 'rainbow', 'neon', 'spotlights']"
155,"['hampshire', 'massive', 'how', 'great']"
156,"['incredible', 'many', 'brilliant', 'smooth']"
157,[]
158,['widescreen']
159,"['wallpaper', 'image']"
160,"['homes', 'log', 'built']"
161,"['huts', 'island', 'unusual', 'isolated', 'tiny', 'hut']"
162,"['dock', 'container', 'bssrdf', 'material', 'deck', 'shipping', 'ship', 'authority']"
163,"['moon', 'moonlit', 'nightscape', 'nighttime']"
164,['sit']
165,['temer']
166,"['dish', 'terrace', 'cheese', 'cheesar']"
167,"['salad', 'plate', 'offering', 'bowl', 'orange', 'buns', 'delicious', 'steamed', 'asiar']"
168,"['urbanism', 'eco', 'nomadic', 'greenways']"
169,"['corduroy', 'beginning', 'treacherous', 'hilly', 'pass', 'oct']"
170,[]
171,"['silhouett', 'romantic', 'grassy', 'couple', 'smiling']"
172,"['viking', 'reykjavik', 'norway', 'norwegiar', 'fjord', 'icelandic', 'fjords', 'scandinaviar', 'iceland']"
173,['reflected']
174,['cloth']
175,"['santa', 'sunsest', 'goldir', 'hdr', 'state', 'barbara', 'washington']"
176,['hillside']
177,"['racir', 'attirar', 'jumpsuit', 'power', 'team', 'cross', 'start', 'clothed']"
178,['archive']
179,['scrapers']
180,['rainforest']
181,"['highway', 'atlanta', 'massachusetts']"
182,"['perfectly', 'pristine', 'gondola', 'canoeing']"
183,"['was', 'ocult', 'habitatir']"
184,"['dc', 'smithsonian', 'shadows', 'cloaked', 'ground']"
185,['middle']
186,"['retreat', 'awards', 'seasidir', 'palatial', 'award', 'hotel', 'winning']"
187,"['crumbling', 'death', 'sidir', 'flies']"
