idx,text,dominant_topic,votes,score,reason,topic_confidence,umap_distance,umap_zscore,dbscan_noise,isolation_forest,oneclass_svm_flag
1547,"a large body of water, blue sky and white clouds, hyper realistic clouds, nature and clouds in background, blue sky with beautiful clouds, clouds on ground!!!!!, cumulus clouds, puffy clouds, light blue sky with clouds, beautiful sky with cumulus couds, large white clouds, peaceful puffy clouds, blue sky with clouds, puffy white clouds, peaceful clouds",0,3,4,multi_detector,0.0,8.995818,1.362943,0,-1,-1
1080,"a snowy scene with a red flag on the top of a mountain, canada, alpine climate, canadian maple leaves, whistler, banff national park, british columbia, 2 0 1 9, 2019, beautiful winter area, north pole, beautiful border, - 8, flag, skiing, photo taken in 2018, defence, snowy winter scene",0,3,4,multi_detector,0.0,8.929238,1.3361397,0,-1,-1
1645,"a lake with mountains in the background, green waters, coniferous forest, boreal forest, lush evergreen forest, evergreen forest, blue and green water, #green, greens and blues, green and blue, with trees and rivers, blue and green, green and blue colour palette, beautiful lake background, green and blue colors, green water, teal landscape",0,2,3,multi_detector,0.0,9.11579,1.411241,0,1,-1
640,"canadian flag in front of mountains, canada, large rocky mountain, banff national park, dramatic mountain background, monumental mountains, british columbia, mountains background, spectacular rocky mountains, canadian maple leaves, majestic mountains, mountains in a background, beatiful mountain background, background mountains, mountain background, spectacular mountains, moutains, epic mountains, mountainous background, grand majestic mountains",0,3,4,multi_detector,0.0,9.443883,1.5433233,0,-1,-1
151,"toronto skyline from lake ontario, toronto city, the city of toronto, toronto, cn tower, entertainment district, canada, towering over a city, city skyline, stacked city, beautiful city, skyline showing, large city, stacked buildings, cool skydome, city background, huge city, blue wall, skydome, city skyline in the backround, city in backround",0,3,4,multi_detector,0.0,7.645716,0.8194243,0,-1,-1
680,"a lake with a mountain in the background, teal landscape, green and blue colour palette, mountainous area, grand majestic mountains, teal sky, greenish blue tones, lush scenic landscape, mountain lakes, behind that turquoise mountains, lakeside mountains, mountainous background, mountains surrounding, blue and green water, ((greenish blue tones)), group of seven",0,2,3,multi_detector,0.0,8.751206,1.2644682,0,-1,1
1765,"a lake surrounded by mountains and trees, banff national park, british columbia, rocky mountains and a river, spectacular rocky mountains, mountain lakes, mountains and lakes, puddles of turquoise water, a lake between mountains, teal landscape, lakeside mountains, mountain lake, large rocky mountain, scenic mountain setting, national geography photography, waterfalls and lakes, rocky mountains",0,4,5,multi_detector,0.0,11.112022,2.2148764,0,-1,-1
768,"a lake surrounded by trees, banff national park, mountain lakes, spectacular rocky mountains, mountain lake, lake blue, beautiful lake in the foreground, lakeside mountains, beautiful lake, behind that turquoise mountains, mountainous, rocky mountains, mountains and lakes, teal landscape, mountainous area, natural landscape beauty, large rocky mountain, lush scenery, british columbia",0,4,5,multi_detector,0.0,10.967874,2.1568456,0,-1,-1
1319,"a lake surrounded by trees and mountains, lake blue, blue wall, teal landscape, mountain lake, banff national park, canada, beautiful lake, rocky mountains and a river, petrol, turquoise palette, green and blue, beatiful mountain background, vibrant water river, blue and green water, light blue water, mountain valley, beautiful mountains, beautiful lake background, turquoise horizon",0,2,3,multi_detector,0.0,9.104417,1.4066623,0,1,-1
1860,"vancouver from the air, vancouver, british columbia, city on a hillside, beautiful city, large city, canada, entire city in view, huge city, entertainment district, aerial view of a city, drone view of a city, city environment, city skyline, flying in the air over city, metropolitan, city view, above city, city in background, view over city",0,2,3,multi_detector,0.0,4.4331737,-0.47386858,0,1,-1
854,"a canadian flag flying in the air over a mountain, canada, canadian maple leaves, by Ancell Stronach, british columbia, flag, beautiful border, flags, vexillology, green flags, alpine climate, snowy mountain, with a snowy mountain and ice, country, whistler, cottagecore, shutterstock contest winner, moutains, snowy peak, defence",0,3,4,multi_detector,0.0,9.025036,1.3747054,0,-1,-1
382,"a lake with a mountain in the background, teal landscape, green and blue colour palette, mountainous area, grand majestic mountains, teal sky, greenish blue tones, lush scenic landscape, mountain lakes, behind that turquoise mountains, lakeside mountains, mountainous background, mountains surrounding, blue and green water, ((greenish blue tones)), group of seven",0,2,3,multi_detector,0.0,8.743108,1.2612079,0,-1,1
896,"the word toronto is painted on the water fountain, toronto city, the city of toronto, toronto, entertainment district, in a city with a rich history, by Manjit Bawa, beautiful city, by Cherryl Fountain, water tornado in the city, by Ancell Stronach, by Andrew Domachowski, canada, cn tower, inspired by Manjit Bawa",0,2,3,multi_detector,0.0,7.4795666,0.7525364,0,1,-1
899,"a view of the city from across the water, toronto city, the city of toronto, cn tower, toronto, panoramic photography, by Ancell Stronach, cities flourishing, tall towers, inspired by Manjit Bawa, skydome, highrise buildings, behance. polished, tall buildings, entertainment district, cool skydome, high rise buildings",0,3,4,multi_detector,0.0,7.9178543,0.9289806,0,-1,-1
906,"a flag flying over a snowy mountain, canada, canadian maple leaves, flag, beautiful border, defence, alpine climate, cad, flags, - 9, - 8, british columbia, country, cottagecore, wall, vexillology, by Ancell Stronach, 2 0 1 9, 2019, moutains, north pole, flag in hands",0,3,4,multi_detector,0.0,8.901621,1.3250215,0,-1,-1
967,"a flag flying over a snowy mountain, canada, canadian maple leaves, flag, beautiful border, defence, alpine climate, cad, flags, - 9, - 8, british columbia, country, cottagecore, wall, vexillology, by Ancell Stronach, 2 0 1 9, 2019, moutains, north pole, flag in hands",0,3,4,multi_detector,0.0,8.894805,1.3222775,0,-1,-1
1529,"toronto skyline at sunset, toronto city, toronto, the city of toronto, entertainment district, canada, cn tower, cities flourishing, beautiful city, towering over a city, city skyline, stacked city, city skyline on background, beautiful cityscape background, in a city with a rich history, colorful city, super wide view of a cityscape, modern city background",0,3,4,multi_detector,0.0,8.69554,1.2420585,0,-1,-1
512,"a lake surrounded by mountains and trees, lakeside mountains, banff national park, mountains and lakes, mountain lakes, rocky mountains and a river, mountain lake, spectacular rocky mountains, lake blue, rocky mountains, scenic mountain setting, breathtaking mountains, beautiful mountains, a lake between mountains, spectacular mountains, mountain range, teal landscape, british columbia, mountain water, behind that turquoise mountains",0,3,3,multi_detector,1.0,11.1122465,2.2149665,0,-1,-1
641,"a large blue lake, lake blue, banff national park, mountain lake, mountain lakes, lakeside mountains, canada, spectacular rocky mountains, mountains and lakes, beautiful lake, blue wall, a photo of a lake on a sunny day, mountainous, mountain water, moutains, rocky mountains and a river, behind that turquoise mountains, rocky mountains, sapphire waters below",0,3,3,multi_detector,1.0,10.339623,1.903927,0,-1,-1
1671,"a large blue lake, lake blue, banff national park, mountain lake, mountain lakes, lakeside mountains, canada, spectacular rocky mountains, mountains and lakes, beautiful lake, blue wall, a photo of a lake on a sunny day, mountainous, mountain water, moutains, rocky mountains and a river, behind that turquoise mountains, rocky mountains, sapphire waters below",0,3,3,multi_detector,1.0,10.3477125,1.9071834,0,-1,-1
264,"a view of a lake and mountains from a mountain, banff national park, rocky mountains and a river, spectacular rocky mountains, lake blue, mountain water, mountain lakes, mountain lake, large rocky mountain, beatiful mountain background, mountains and lakes, mountains and rivers, mountainous area, lakeside mountains, canada, beautiful mountains, blue wall, moutains",0,3,3,multi_detector,1.0,10.168758,1.8351408,0,-1,-1
393,"a lake surrounded by mountains and trees, lakeside mountains, banff national park, mountains and lakes, mountain lakes, rocky mountains and a river, mountain lake, spectacular rocky mountains, lake blue, rocky mountains, scenic mountain setting, breathtaking mountains, beautiful mountains, a lake between mountains, spectacular mountains, mountain range, teal landscape, british columbia, mountain water, behind that turquoise mountains",0,3,3,multi_detector,1.0,11.127266,2.221013,0,-1,-1
1544,"a lake surrounded by mountains and trees, lakeside mountains, banff national park, mountains and lakes, mountain lakes, rocky mountains and a river, mountain lake, spectacular rocky mountains, lake blue, rocky mountains, scenic mountain setting, breathtaking mountains, beautiful mountains, a lake between mountains, spectacular mountains, mountain range, teal landscape, british columbia, mountain water, behind that turquoise mountains",0,3,3,multi_detector,1.0,11.100295,2.2101552,0,-1,-1
908,"a lake surrounded by mountains and trees, lakeside mountains, banff national park, mountains and lakes, mountain lakes, rocky mountains and a river, mountain lake, spectacular rocky mountains, lake blue, rocky mountains, scenic mountain setting, breathtaking mountains, beautiful mountains, a lake between mountains, spectacular mountains, mountain range, teal landscape, british columbia, mountain water, behind that turquoise mountains",0,3,3,multi_detector,1.0,11.115407,2.216239,0,-1,-1
1423,"a lake surrounded by mountains and trees, lakeside mountains, banff national park, mountains and lakes, mountain lakes, rocky mountains and a river, mountain lake, spectacular rocky mountains, lake blue, rocky mountains, scenic mountain setting, breathtaking mountains, beautiful mountains, a lake between mountains, spectacular mountains, mountain range, teal landscape, british columbia, mountain water, behind that turquoise mountains",0,3,3,multi_detector,1.0,11.140798,2.2264607,0,-1,-1
789,"a mountain lake, banff national park, canada, rocky mountains and a river, spectacular rocky mountains, beautiful lake, lake blue, mountain lake, beatiful mountain background, petrol, beautiful mountains, mountains and lakes, moutains, blue wall, a photo of a lake on a sunny day, beautiful lake background, mountain water, mountain lakes, rocky mountains, defence",0,3,3,multi_detector,1.0,10.313931,1.893584,0,-1,-1
278,"a lake with mountains in the background, banff national park, lake blue, british columbia, rocky mountains and a river, mountains and lakes, spectacular rocky mountains, teal landscape, mountain lakes, mountain lake, puddles of turquoise water, blue and green water, a photo of a lake on a sunny day, beautiful lake background, beautiful lake, clear blue water, green waters",0,3,3,multi_detector,1.0,9.907916,1.7301319,0,-1,-1
410,"a large blue lake, lake blue, banff national park, mountain lake, mountain lakes, lakeside mountains, canada, spectacular rocky mountains, mountains and lakes, beautiful lake, blue wall, a photo of a lake on a sunny day, mountainous, mountain water, moutains, rocky mountains and a river, behind that turquoise mountains, rocky mountains, sapphire waters below",0,3,3,multi_detector,1.0,10.347344,1.9070352,0,-1,-1
670,"a lake surrounded by trees and mountains, banff national park, mountain lakes, spectacular rocky mountains, lake blue, mountain lake, mountains and lakes, british columbia, lakeside mountains, teal landscape, rocky mountains and a river, rocky mountains, blue and green water, puddles of turquoise water, clear blue water, crystal clear blue water, beautiful lake, beautiful lake background",0,3,3,multi_detector,1.0,9.884605,1.7207476,0,-1,-1
159,"a large blue lake, banff national park, lake blue, mountain water, rocky mountains and a river, puddles of turquoise water, a lake between mountains, mountains and lakes, spectacular rocky mountains, mountain lakes, clear blue water, azure waves of water, behind that turquoise mountains, mountain lake, blue and green water, sapphire waters below, mountains and rivers",0,4,5,multi_detector,1.0,10.025669,1.7775365,1,-1,-1
161,"a large blue lake, lake blue, banff national park, mountain lake, mountain lakes, lakeside mountains, canada, spectacular rocky mountains, mountains and lakes, beautiful lake, blue wall, a photo of a lake on a sunny day, mountainous, mountain water, moutains, rocky mountains and a river, behind that turquoise mountains, rocky mountains, sapphire waters below",0,3,3,multi_detector,1.0,10.34328,1.905399,0,-1,-1
675,"a large blue lake, lake blue, banff national park, mountain lake, mountain lakes, lakeside mountains, canada, spectacular rocky mountains, mountains and lakes, beautiful lake, blue wall, a photo of a lake on a sunny day, mountainous, mountain water, moutains, rocky mountains and a river, behind that turquoise mountains, rocky mountains, sapphire waters below",0,3,3,multi_detector,1.0,10.344579,1.9059219,0,-1,-1
296,"a lake surrounded by trees and mountains, banff national park, mountain lakes, spectacular rocky mountains, lake blue, mountain lake, mountains and lakes, british columbia, lakeside mountains, teal landscape, rocky mountains and a river, rocky mountains, blue and green water, puddles of turquoise water, clear blue water, crystal clear blue water, beautiful lake, beautiful lake background",0,3,3,multi_detector,1.0,9.894539,1.7247466,0,-1,-1
1198,"a mountain lake, banff national park, canada, rocky mountains and a river, spectacular rocky mountains, beautiful lake, lake blue, mountain lake, beatiful mountain background, petrol, beautiful mountains, mountains and lakes, moutains, blue wall, a photo of a lake on a sunny day, beautiful lake background, mountain water, mountain lakes, rocky mountains, defence",0,3,3,multi_detector,1.0,10.27972,1.8798114,0,-1,-1
1328,"a lake surrounded by mountains and trees, lakeside mountains, banff national park, mountains and lakes, mountain lakes, rocky mountains and a river, mountain lake, spectacular rocky mountains, lake blue, rocky mountains, scenic mountain setting, breathtaking mountains, beautiful mountains, a lake between mountains, spectacular mountains, mountain range, teal landscape, british columbia, mountain water, behind that turquoise mountains",0,3,3,multi_detector,1.0,11.097917,2.2091978,0,-1,-1
177,"a lake surrounded by mountains and trees, lakeside mountains, banff national park, mountains and lakes, mountain lakes, rocky mountains and a river, mountain lake, spectacular rocky mountains, lake blue, rocky mountains, scenic mountain setting, breathtaking mountains, beautiful mountains, a lake between mountains, spectacular mountains, mountain range, teal landscape, british columbia, mountain water, behind that turquoise mountains",0,3,3,multi_detector,1.0,11.111365,2.2146118,0,-1,-1
1715,"the sky is clear, banff national park, rocky mountains and a river, spectacular rocky mountains, mountain lakes, teal landscape, lake blue, rocky mountains, behind that turquoise mountains, mountains and lakes, puddles of turquoise water, mountain lake, british columbia, vast mountain landscape, large rocky mountain, turquoise horizon, lakeside mountains, colors reflecting on lake, scenic mountain setting",0,3,3,multi_detector,1.0,9.93698,1.7418325,0,-1,-1
568,"a lake surrounded by trees and mountains, banff national park, mountain lakes, spectacular rocky mountains, lake blue, mountain lake, mountains and lakes, british columbia, lakeside mountains, teal landscape, rocky mountains and a river, rocky mountains, blue and green water, puddles of turquoise water, clear blue water, crystal clear blue water, beautiful lake, beautiful lake background",0,3,3,multi_detector,1.0,9.886624,1.7215604,0,-1,-1
57,"a lake surrounded by trees and mountains, banff national park, mountain lakes, spectacular rocky mountains, lake blue, mountain lake, mountains and lakes, british columbia, lakeside mountains, teal landscape, rocky mountains and a river, rocky mountains, blue and green water, puddles of turquoise water, clear blue water, crystal clear blue water, beautiful lake, beautiful lake background",0,3,3,multi_detector,1.0,9.888279,1.7222265,0,-1,-1
1338,"a lake surrounded by trees and mountains, banff national park, mountain lakes, spectacular rocky mountains, lake blue, mountain lake, mountains and lakes, british columbia, lakeside mountains, teal landscape, rocky mountains and a river, rocky mountains, blue and green water, puddles of turquoise water, clear blue water, crystal clear blue water, beautiful lake, beautiful lake background",0,3,3,multi_detector,1.0,9.894048,1.7245488,0,-1,-1
1342,"a lake surrounded by trees, banff national park, spectacular rocky mountains, british columbia, beautiful lake, mountain lake, mountain lakes, lake blue, teal landscape, large rocky mountain, boreal forest, beautiful lake in the foreground, rocky mountains, beautiful lake background, natural landscape beauty, canada, very very beautiful scenery, behind that turquoise mountains, mountainous",0,3,3,multi_detector,1.0,10.883181,2.12275,0,-1,-1
1732,"a lake surrounded by trees and mountains, banff national park, mountain lakes, spectacular rocky mountains, lake blue, mountain lake, mountains and lakes, british columbia, lakeside mountains, teal landscape, rocky mountains and a river, rocky mountains, blue and green water, puddles of turquoise water, clear blue water, crystal clear blue water, beautiful lake, beautiful lake background",0,3,3,multi_detector,1.0,9.887777,1.7220246,0,-1,-1
326,"a lake surrounded by mountains and trees, lakeside mountains, banff national park, mountains and lakes, mountain lakes, rocky mountains and a river, mountain lake, spectacular rocky mountains, lake blue, rocky mountains, scenic mountain setting, breathtaking mountains, beautiful mountains, a lake between mountains, spectacular mountains, mountain range, teal landscape, british columbia, mountain water, behind that turquoise mountains",0,3,3,multi_detector,1.0,11.139486,2.2259326,0,-1,-1
966,"a lake surrounded by trees and mountains, banff national park, mountain lakes, spectacular rocky mountains, lake blue, mountain lake, mountains and lakes, british columbia, lakeside mountains, teal landscape, rocky mountains and a river, rocky mountains, blue and green water, puddles of turquoise water, clear blue water, crystal clear blue water, beautiful lake, beautiful lake background",0,3,3,multi_detector,1.0,9.884331,1.7206371,0,-1,-1
1481,"a lake surrounded by trees and mountains, banff national park, mountain lakes, spectacular rocky mountains, lake blue, mountain lake, mountains and lakes, british columbia, lakeside mountains, teal landscape, rocky mountains and a river, rocky mountains, blue and green water, puddles of turquoise water, clear blue water, crystal clear blue water, beautiful lake, beautiful lake background",0,3,3,multi_detector,1.0,9.877571,1.7179158,0,-1,-1
714,"a lake surrounded by mountains and trees, lakeside mountains, banff national park, mountains and lakes, mountain lakes, rocky mountains and a river, mountain lake, spectacular rocky mountains, lake blue, rocky mountains, scenic mountain setting, breathtaking mountains, beautiful mountains, a lake between mountains, spectacular mountains, mountain range, teal landscape, british columbia, mountain water, behind that turquoise mountains",0,3,3,multi_detector,1.0,11.109339,2.213796,0,-1,-1
1737,"a large blue lake, banff national park, mountain lake, mountain lakes, lake blue, blue wall, spectacular rocky mountains, mountains and lakes, mountainous area, lakeside mountains, beautiful lake, rocky mountains and a river, mountain water, beatiful mountain background, petrol, canada, mountainous setting, beautiful lake background, moutains, beautiful mountains, large rocky mountain",0,3,3,multi_detector,1.0,10.192056,1.8445197,0,-1,-1
333,"a lake surrounded by trees and mountains, banff national park, mountain lakes, spectacular rocky mountains, lake blue, mountain lake, mountains and lakes, british columbia, lakeside mountains, rocky mountains, rocky mountains and a river, teal landscape, blue and green water, waterfalls and lakes, puddles of turquoise water, clear blue water, beautiful lake, beautiful lake background",0,3,3,multi_detector,1.0,9.894696,1.7248099,0,-1,-1
341,"a lake surrounded by trees and mountains, banff national park, mountain lakes, spectacular rocky mountains, lake blue, mountain lake, mountains and lakes, british columbia, lakeside mountains, teal landscape, rocky mountains and a river, rocky mountains, blue and green water, puddles of turquoise water, clear blue water, crystal clear blue water, beautiful lake, beautiful lake background",0,3,3,multi_detector,1.0,9.888085,1.7221485,0,-1,-1
1242,"a large blue lake, lake blue, banff national park, mountain lake, mountain lakes, lakeside mountains, canada, spectacular rocky mountains, mountains and lakes, beautiful lake, blue wall, a photo of a lake on a sunny day, mountainous, mountain water, moutains, rocky mountains and a river, behind that turquoise mountains, rocky mountains, sapphire waters below",0,3,3,multi_detector,1.0,10.340483,1.9042729,0,-1,-1
1249,"a mountain lake surrounded by trees and mountains, banff national park, spectacular rocky mountains, rocky mountains and a river, lake blue, mountain lake, mountain lakes, british columbia, beautiful lake in the foreground, beatiful mountain background, a photo of a lake on a sunny day, mountains and lakes, puddles of turquoise water, beautiful lake, beautiful lake background",0,3,3,multi_detector,1.0,10.014558,1.7730633,0,-1,-1
101,"a lake surrounded by mountains and trees, lakeside mountains, banff national park, mountains and lakes, mountain lakes, rocky mountains and a river, mountain lake, spectacular rocky mountains, lake blue, rocky mountains, scenic mountain setting, breathtaking mountains, beautiful mountains, a lake between mountains, spectacular mountains, mountain range, teal landscape, british columbia, mountain water, behind that turquoise mountains",0,3,3,multi_detector,1.0,11.114048,2.2156918,0,-1,-1
869,"a lake surrounded by trees and mountains, banff national park, mountain lakes, spectacular rocky mountains, lake blue, mountain lake, mountains and lakes, british columbia, lakeside mountains, teal landscape, rocky mountains and a river, rocky mountains, blue and green water, puddles of turquoise water, clear blue water, crystal clear blue water, beautiful lake, beautiful lake background",0,3,3,multi_detector,1.0,9.873254,1.7161777,0,-1,-1
876,"a large blue lake, lake blue, banff national park, mountain lake, mountain lakes, lakeside mountains, canada, spectacular rocky mountains, mountains and lakes, beautiful lake, blue wall, a photo of a lake on a sunny day, mountainous, mountain water, moutains, rocky mountains and a river, behind that turquoise mountains, rocky mountains, sapphire waters below",0,3,3,multi_detector,1.0,10.343922,1.9056574,0,-1,-1
366,"a lake surrounded by trees and mountains, banff national park, mountain lakes, spectacular rocky mountains, lake blue, mountain lake, mountains and lakes, british columbia, lakeside mountains, teal landscape, rocky mountains and a river, rocky mountains, blue and green water, puddles of turquoise water, clear blue water, crystal clear blue water, beautiful lake, beautiful lake background",0,3,3,multi_detector,1.0,9.888099,1.7221539,0,-1,-1
114,"a large blue lake, lake blue, banff national park, mountain lake, mountain lakes, lakeside mountains, canada, spectacular rocky mountains, mountains and lakes, beautiful lake, blue wall, a photo of a lake on a sunny day, mountainous, mountain water, moutains, rocky mountains and a river, behind that turquoise mountains, rocky mountains, sapphire waters below",0,3,3,multi_detector,1.0,10.346173,1.9065638,0,-1,-1
376,"a lake surrounded by trees and mountains, banff national park, spectacular rocky mountains, british columbia, rocky mountains and a river, lake blue, mountain lakes, puddles of turquoise water, vibrant water river, mountain lake, mountains and lakes, a photo of a lake on a sunny day, teal landscape, canada, blue and green water, beautiful lake in the foreground",0,3,3,multi_detector,1.0,9.950295,1.7471929,0,-1,-1
1019,"a lake surrounded by mountains and trees, lakeside mountains, banff national park, mountains and lakes, mountain lakes, rocky mountains and a river, mountain lake, spectacular rocky mountains, lake blue, rocky mountains, scenic mountain setting, breathtaking mountains, beautiful mountains, a lake between mountains, spectacular mountains, mountain range, teal landscape, british columbia, mountain water, behind that turquoise mountains",0,3,3,multi_detector,1.0,11.112411,2.2150326,0,-1,-1
